old	new
00028db7719794c5df32190fd1eea9cd353ad999	52cdde68ac8806c3b21bc62bf71d61e89c8b7996
002469afa9ffce50ca423fd1cdae6ea3fd4d4b8d	bac091f69c1b3b71b4c5cdd7bee3a2d0f206fbbe
002503fd1b2d44cf93f4006e7378f4ac89d5c202	34aef0d66357ae112a1fd07e7bc5965eea96d2b5
0034285391bfdd41a01c6524b36d56eccb59e3eb	8650678421d494c975c0835a56553d672acda831
004acc0b3567af8bd98dfbe10140a085c8cc6096	76f211710fe6230373bc18ed67b22f3d322d1b34
004eaa515a64ec16f292b87b9cc63d1271e743e5	df153603da97fc2d3898872288750470c2e07bc7
00908cc63b22d0a407dd7b6bbad1521e0ee1ef8c	fe99cfe1687da5c911e28641743fb1c4fcf99c25
00c263a8bd2456783a6a4e3b4ed5f90970099a48	fd79483321f06935ee77c658d975fb0bac7cd90a
00c54f3a4da41552e6a3967ada6301109e2bf2eb	9bd2ea11a6a364c7c228fe231b0cd3388d487cbb
00d7867cde7329e65652ae8d66f22b6407a9ffce	67c207010241c2826c473024b72fb3e82cd10d5b
00ef9f952f6a1c2804a11e4da85b17fdd34f0f4e	aabea7483b0c8e3398b39a99409a9dc963062345
010c57d43995bb8001884174d98415653ccf9d5e	be6b9adb4144de8f336d795633ce794e70bd873a
011746de9993fef04bfc2d58401d00883daaa93b	e5dd6f3b822ff67b48744f02102058985d91e097
0122aaf0d5a0964cbfa42c069563ff0bb230e6da	b810c61171818de7af4bb85671eed5e376b6bbbb
014bed24c4536a0e44b28dddba85b8e9125b1898	75c374d8788bd871736d75cb384fa151a8b8f068
015c61479a576e2d38abf0943a3388a05ff29656	8c82c265b728c56d3239ce3b1dcd5a356d501e6f
01637544b673f4f5f2cfade24c2abdfb3d614d06	d48e482ef7c4bec2314cbb1d8b1f5541fa2df807
0172d2860ad9da0ff64a8bf4221f7ae88752b5c1	3c1eec0d828244594ecc86a7d5b297cd624eb3b6
01d8cdf887ebbda02e125466b5112efda6efa7b6	805234894e9250cd48ade347e7c1c11c797ec17b
01ebd970b7662e3ee711c2a97441bdd3d3145ffd	02296a47da4ba5306ab494f2492b80145144b19a
0206182e9e40ce499508670a690acea7392271c1	dbd66ff1c33f4ba5c11ead7d131495cccf95b2fb
029ec12a8d88e9d5b0d1e0944b61b0c55a7fb153	6e07e43e2ce4da0e333f74b056af4439d845fc82
030420e7fa03c80b44491f8da16b993f4015007f	b7b575f37024f97d39dade1215d07cc8290b71ea
0308a77f9bc949a6f75750b514cdb99cfc1143f7	f5e1b576c1c4521d9bc9a2a9910b98e9abe68339
030e8d914cd33c77e0fa05378d72642645b1f624	0dceccda22afd79efdebc65b34ab2611b7a5f5bc
03744083452385541375c4829cfb5f22433522d0	715a4f71bc5e3ffbb00257d8628583c41c940fef
03917ffdbf82ee745cd164f565a58be8a877e5f8	57077272379f4ed67cfa82b2efb90b57800ba9b4
03c306e11f4962e147e4c9fb62afe3637a4cfca2	83e79ce2e48f498ce5ac0fa4be7d131e44f4f02e
03c9fe496ac3fa410775bc2514fb60ee31e796ef	89351acc6efa85bfdceb5245b7cfba881ee997bb
03d2f8a06d2359f292745f98b62e7ad103605f1a	f6f20a91567676650009276a5959a04cc7132bc9
03d91178f370d0e0b097a30edb40944ba41c4b49	9ad719c0b98ceaa70985836c1d2dbdbb9707b5f5
03e729b3b9d10c2a0f88f37afadb27b2d2d9b2a7	b362fc2b4824ae0a8d38038ef1f0a73d90f0eec5
040f0c6cd8d4a7f0f6d5e119ce45b070c6339bfc	505a12cc467a9164e84ad797fe7e5ec36bd94346
04291b5ec8306650ef7523ec5bf013d59f2765ca	70a9857bbde8b0a9ea1d74c070a878103d12b06b
042d17e4a6e5e63f140eaba73bc09cb1ef257f82	bde8dd966db963ffb4e4eb6bbf4cb4e8a5745100
04712e3c3acb5469eb030b940721aa1065a02d75	66f2a2aaff3bf68b677d25aaf0fba9d0ad9d1947
048538f4827a149bfa0044198c1d4c502aa3836b	321898ae4ba9e42900970a657d5bd484b2b482c6
04f18420a4b7300faa68a5a1b39e73104ccd5894	d51f32c4fef6ee23536e94d2dc23bdd9cd91e80d
052775341efe952c7f0692920dafa57a7d1ca5c5	52581b7a54eae103ebd4397eb9ab529ccff61c57
055c889285361232d65df1345209184ee1da5464	7b580766116f1a64f5f7bf7646f02bb8cdfce966
0586338736e0ebae30ba0452214a961061ed2f11	57d9ed7beb06c16faa07a4510738fad69d7f7af5
05fdca3f896186ee1e7e31f2614f6a78e9484f56	105d13d089ad7e91288990cca03f22fd09fb2687
0600dded42feb655157fc82e14d36afde483c95a	bbb32c136ce3388cec44f5b93fbab8905bf92858
06395ad43daacc998c20a75f0558fa5368ec911e	51b488e2ba9461af8eb66f0ca58b06a0aa376853
0658ec5db11f79abd54e4e959b1a169a993c7f87	22ee4a59cf1e47e4774c13bebd3bbcce4a675b0e
067fd12a038f1b556a7af231dabc9bd21ef31220	93c06ff9479dd8e87c045b99f281bead6af1f1db
06b90930152beebdd89d927076d1997268d78d41	b2eb6d55aa66402f08a4b683849f5360a4c5f823
06d09eba4d0608ba7867d97107423b4248196d61	de56f63ba7060e28addf3ea31ee4907da1028d88
06d950e4735413c29f2aed9e3b1b009d87f6ece9	66a7a1b3179bc1018794c3645c7b5bee47507d90
06e448664a3399eeb2b9b39b7b21d0fb5152faea	cc5681c9a78f920df2080e13e69ca3f7374a9b8e
070609840901069eb0e722173a0fbcb035400bc0	142c36ccdfddde1994b522a68e98da443ec950e3
0711523ffd380046ce89c71510419fe80fc0c5a6	cffc0b635233ea9b668d36252ddfcde81775108a
071904d35fd7866584f9e798f204019bc170aeca	4842f95b19a9c14a8b5eaf5433cf3080ddac2fe0
071db5e0a6c69edcac2a3d42de7103cfabcd866c	cb8c5d44c25b509bcb5599779acc1e0780e4a132
073964593601912704288d1925930086f87fc8bf	39655b2f36981035bc30d5fec427e3be39a5293b
075d049000700b1f47b95751dad8bca4442ed01e	d373f7017b65307fede681178b8cb020719aaf2d
076250aab0d1791ebe0f99a48eb0bdd498ebd90b	c3ee2161ab9fce4663f3ca01733b038a962363ff
0776fbb01f6e26df2f54bb63ddaf7a78192c65c4	10f4c7d03dc2cf079bae4392f5ac99dc736d2d9c
07aa544552780c7c53da837abfc9f34f0535da62	1573ea335dd7e8d290b4064aecd20d0fd5561d14
07bd597935d258289479efc6a219122dc86bed17	0adb2344aaa68b3fe77cb4f6705b23d491157136
07e001c89ee1a3813722e3dcad523de5a303cdd2	1322ae1c7bc55345875ca73b2ce7f327867beaee
0813b7a05358111f8058d74a2df619f262e35592	1ee34bda6edd99f9c6ccd8c8c2fa031339f444ab
081c9d3c5faf236d146985e4c667c08ec5ee5336	5e8eaec017667944dbe71dc0f7bd8de4ff83c86e
082031f881b97551cb135fc47d7793261f418462	9e91703889f96e65c84d36780d65d4d0def0e337
084159d2e46a553e3378c979750c05cd71c45102	ca876161a74f3b2931194fc6a139ed9e64e92ac7
086d96ada5799dcf7f607abf48b50abdee786927	ec964c0e78ef342c3c472673e9cd387ca6fdd4cf
089abea87e21624498d9c200963bacb32b986f09	3b2b2c7c385b7fdfd2043a30d269811090920244
089bb25a4894190bf518795a5cdb4fc3696e5c6f	31aa7ed5d66ebdd838bc5cfdcdcd00f6d33db5b5
08a9cce6d30328757f24de88738091d6b6e7ddc7	fa977b6a028b1ad3ccb27b7b8a3262b5917f7f1d
08cc332c593c4cfd159fc812c05a2a066b085db0	0ad755ea6f912a36f96e740898ab615c79cea67c
08cc84061426a1d4d014a336038d946eac7e551b	8414c3b6166659afa3c44ab2fdb7c8ddc8fdd085
08e341aded0bee9dc325474d86e1c52b3c1544ed	ef94737139636740fc9ffe4dcd033527750b4cd2
09096a448653e1842d18cb027bb22f48526d63a3	aa4a51616cf40c929ceb2d44b3e54149fc50f371
090e54be4f36d01c2005684c296e50c5f5b0aef5	9de4cf2714b8469b100df52546df4ecefaaab950
09562ce4b7c9b04f082713145ccfae46dee650b5	fcd1640ff9510da85c8a4aa20f42198fbf75d532
09618a14dad28e806e2fa4b680389f23a7d3461a	6af690658dbed1d0bc5787d009e474f3f16e9216
099e7cfdbecc33767f4fda954a455a5a85141b6a	c1956ee6e17ecfd23f0165be34fbad22dbf810da
0a5124a126b64629f89674121de4801f70958a3a	566721a966a1b67f08f337170e6d0513f31db014
0a8ae99c6adefda09e4a32f17f732a7dfe60bcab	065bd0bd9e05c0bd4f603afa1007d5a683dc231a
0ac22a9620aa1d208198089ed97186b4782b5398	09b279b5fe8d47d4830ef76459a37c98088bbba9
0b2f0a3a34026a14b07300d12473b9f4b71672ea	cca099b2a62354606b6c75e4993ed5d16da6861f
0b3d110e8f5e2796b326d994fdd10d350214c5bd	502e4ae3015ec522d7b3ce8d51ef36cb23668c14
0b8b2295fccf5168762167878a2734e0b05610a4	776a365c99c3af70c5e050103bec2f5ca52785d3
0ba9c4e276cfbb2c0762300b4af4cc15dbe2d64a	01cefc4eb882dc6ddb8a8a2fc8794dcdfe0db5da
0bc9cbbf384b636291a79e3683a94846e839545c	17e54e19b4fb27ede58f72de563f8f5fc3e5f7b4
0bfa10f4d048ff90bbe214470533de29fdbf7d47	8d74d9c63d79ced78ab66dabcb7e8b748b4ca3b3
0c69f672cadfadd852c26bb7e75bbdcb134405ef	da1f443360d187db92c143906d0dbe7949bfb6a5
0c8095f84f37fd1f2e13381b0995a0eaf786e73b	ada0a0db107a01a3bbc3a86e5d657e65b0d8d684
0ca18ce980d44236e7305c366be2ea506d475b91	90a4f59652d3ba3bc857fd9767145bee13f2b474
0cbe68fd9ef6f87f63f85b8b3d2ece96ac336ff3	a40d429522ae042a399d7768d467d2d3bc02ce74
0cf3cbf9b40d74f017d178df902b9d2bd7a1664a	39f40f5800d76ba0c83fc8aba792a1be67720b9c
0d0ddc19b8d9ada3bfc0b1ffd34f194417f37784	2c356694c95e164c05109521ace8e32362f03714
0d36324cdfe78f764161f5509afec1a03ca15cbb	8ae56d95c826a1925c74bc10032e7e2c79bcfff5
0d6fe2bc960c434588b664288e4ed2fe7cfd1630	5ef8aa6da29a5204e1cd9323471a0d675b899d68
0d7eabff816901068fffb3cec6b88431f7ff773d	c9fd347817902cc3780d21ffabe6d1e81537a1c1
0db2859677853907669732bdaa87c9abebef04a8	35391fd2d65f88556d0d6a50b9675e0638921b5a
0de64ae38dfdab9d7e6fbd2e79180ade6b3da1c9	412256f0bf57f34a13d448ac60b11dacfaa84f36
0e2e245982db759bd7de21d09a9c5d27baa66ab0	ce79b2f7ddb91ff94cdc50a60a6f4c6d21331cb8
0e438dd38756fe50f40e59e1088ff5a604abd8c9	2863ed6c503ab31e6a8c7803de78feba5d8deab3
0e61f1db0b017458fad3cc067c5208dda010eca9	4bf8ed636c1d90909fe62fe53134d47ace7c553d
0e75c21c71058fb6a0018fae0ce62e6a39e2de77	0a4d3f9dc93fcd866a828f90bdaba0d25a037d7c
0e89eb92a2c034c22bb6d7fca3a3c12adeff055f	86190ba6acd04af9305a65601f184f2435effafe
0ed253754ac4b0569af17ba81d71c10fb1cf2b77	6ae6e6dd0de679d54a5c1d6f611266d7a0f5812e
0edac5cf05bae2caacd560e6ed7008e80152c0ff	5274a5b545929ccdcf1a4f9f9ee030e53952456c
0efc0cf5df11dc5a72b918abc27bc695cff2126b	a1dd3df33a64250d38c46223be14f01a937d982a
0f10a982a171d8932328a1192112676489be5b32	0236b01a8486c5009a9064d9db2c5b0a463f6f2a
0f8d4d5a926dbe9f997d5d39ec10842e97053c81	dec331a372c6e9ee879fce09f276f1227648f2d1
0f982a29f8c480e13f06ce1be13691e9bf909d4d	3f39d6dbaef601783f03a14e23797d344ecd6ec4
0fb334b6e9d39e618a14c322b9d3dbe5ebca7575	bf3f595dfeff09648340b4778adef26880a80f5a
0fdb2b9328359379b9a25ca12074fa6ebac75e42	06b9a38b4e8a6efebb05d51aebab92d7333850b2
0fdcd63ca4af1f8d943d10efddac7853dd80e64e	f32fce112f27b31b43fbf3b8d852c8666f91ccb3
10b00f30900c170c3a9b4001013c30be5f1545ba	18f66d0e1c19e90fc3a6508f17f5589b5a137c9a
10b0c1409c85056416e065a0a3178b4a7dc4a231	aae130d5614e4f42abc6510e20e595e89cb998fc
10d8d40c14af6aae70a950dfe2610d44ce9d4ee4	b2f10e9423d0189a1d35c7dcec44aa93168af4a6
1119851bc87af6195fbb6a89ec28803e86576fbc	65c4b88c79217060ba593368081abb594afd7536
1139a32b39da495e6207f8b350ef05df652d1ba1	ed4677808040cb1ceae9dc6efae66737c4e25577
1163a7638c8e93d3b27a1d8655fc53ec3aaeaa6e	4977b3912cc8445746877eaeda6240c09ab5211f
116d973e546c8bb15ccaa6beb3b064c8b62b7b73	1c0f87af3e6e84041084c6d415636e470eaeec38
118576cc0ed290727f86e5a0c9439b3a0c55a2fc	0ffffb04c2ea7a4d5182d6fc920df2dc8a6ad48a
11923bcb37420172a939baab4b9768a20974767a	2dd919581009e6a70e7318dbbeb37f9ab12bff56
11bade60cb4570c11458db02ea5f949df492f668	112524bdafb86c321f2c79d0790a85e05a41bcd6
11db2b67b73a4bf548350641f62b6ff498ca1d73	cefe12cce921d82d45d243ae0c8302d29650aaab
124820698cd85691e0d72aeed6e1ac028886b34a	5f2879fb8ab27e3c8f2bc42bf823064ac4437994
125aacd69d9e0da522dfed255c130db654f93e6c	e404d47b8c276490bc08fe6e22e539d600e609f3
126d8343fbbb69b54f0ef8686eae06d97c7a6063	0fbf2246fc6ed21b801f3d489212c2f470127ac4
127a9fd92a07f6390bdc4b8c3c2fa2ba83e2233e	4ae24c100546f2684fba3ddb8aabd89adfba0e6b
1282c43d130890298fca378f40a7e6f0c3c1144e	0ad776fdf855b53d3e354a62d756d758279a0d57
12aa0a82e6166e91df48fa0aeafce4ecbca21ceb	8475a3a86a2c2c6503a957521d145305d44947f6
12b4b1bd713c4e8ed31eecab42d2b5986ff465f7	f0e54c599a6ae12e8e8293ee076d7c2611813682
12e14d7bbac7d7456e8c5c8131308f4fa76619c0	2d4a6f4d878c89381a41ae7ad7d0128a9fa93974
130f6f0204f555ead32266df78ace3204b850134	d7a4c8a52d50c37d22d66f3c352cda53d05075a7
133b648fabd47edb59389c84d8f378e5c2474776	64a8caf889396c4b47f3f3512fd744bc899f39c7
1390954224f0de925aee53389983baa5cafffb49	382f0a85969b2f90f6fb5a3197afec21200f5d89
13a4764b0e2b5885c651a7b157f68cfa44c2842e	0001742bfd7a7d30f7e9557a043c7f92c716010d
1456e7795d5ea8199e80e8c9594eab04442469aa	41684a5d227e899afcc2d0f423d9d69e4abec5f5
14612aeaf812c4a713d7963e75e64b2a4a8fb75d	40a532c172cbc1cec4bdf2156a8b890c25871911
148807038b084331d304ead399ba99273a028469	5c0d51ec1120282afc4c9413d400c638df2f61b5
14bb8015b18a90eae29efa85df32c69766363746	127b0d5c9eec08affbd4b03c6bf6a770eac63514
151c86b631cfd64582afc1186c21665261bf826c	c0a1a253ffbe68227afbd2668b655e7cbdc61f97
152b5e74718dd8cb096fd0fdef18b2ccfe0a9e7d	88eac15f0a80694830697148ddab196fca8bbee3
153aed7ff847b0e47597397baa41209a44a10f79	b91ed8f45161f138bf57068b8fcf51124f5e70cd
15411b4743a0f457669a059e8ee1534f99c99d8f	42a5916530741ab53d8772047c7d7709cac4b4af
1579555ba3f67102d3e4aafcf7889b558f744460	2f3eac2f15275ad7fc227b634e86dead79ef8351
158264537c2aff709de16b4c508917a6c6aa45ab	bb3e5545fbc0605399306fefa34a034a211a2471
15b09a0e2c61d6a4b88f76e44aaed632da61fe3b	5b59c2a16141bd388615cd3506a4080c18afc88b
15d06090f08236a9e6035ef4d1c6fbe030fc7707	bee85e1b54f94663cbad1b4ed62f3cdf7eba3279
15d7a6f5566c11cbf6dc1821f5354c5949adab16	8bff3f0798a437eda1bf9ff87d73777b6f3806df
15d9cafe30e0435ef1a772fbf37a3a7e8c87b104	af9319a90c21879afaa1fa21d79f10914c967a6b
15e369fcad376c0cf58cfa6299b0ac4332a9e131	f047de4b4f45ef2c4abfba97281ea5256203bb0a
15f0b68ffa2e1713ec0598c0c1d884b2db50aae4	eb93fa751254a440be9e88815d6fca19238cf221
160313eb33b68864960ea2484e5011b58c776ba0	3c89d48f6bd4facd0e931a43a566db0c2689235a
160cfca2529ced26122a4073ec50d16c56121c19	f3da048a07dfd9b43ed4f91f77c3f7105dcd6fc6
161a70b2053fe279aaada609bff19e5b59aac446	c4ff940d7e8b9e0e7fe2e26d219b6f1cdde04f43
162dc64acfc3743542b60c5b0275dbdab3e64b3e	f74bb64b285a8281d956a75235f00b221dbe210a
162ea7c492d903b77bb26fe08cfafc7e9a3fad14	0520c38676e52500291b70c858f93ddd0be60a63
1665781b1da257c22029d9e51d0d45394fd8861d	863b71454f710757f0391acd8dcef2847cd5c0ec
166e384255acc05853c50422a1eb5a89a2196d04	8e47e27f8c658ca8e901ffbccb233d7e71c22ad0
166faea01a7e710652f0bcbf2702f9d561c54423	ceb7e160acde8d6758dfed5de48c7fa01cd448aa
1685d72e454ee119742b5c067f3123b99d080cba	f28fe9da0f8913e91dcec0fb03463ff0188d132b
169261a7912237d61cd2455f9d6fa9f3cb701ab3	5b8e266e6ac69822748155268b6400c4418ad30e
16b3800cd52b1de84b15608cb852c61f6d412e81	0790b707670dbdeb96d20643c3a88039206f3a3a
16cc3966f0649da017854b7da08b00b8008a51b2	1e7850d35308db93ed26578a0145d74d750fe856
173b97776b18a7f18bd6ec2ffc819b756a144cbd	1f6176eeaba6c9c6f3186a68bb1d6167d80ca810
177dfcef2c878f75643a8f7f8877a44b857babb7	146c1b24754458b421a91fc001e884fc312607f5
17b2076790941c9c86927313450de5d9db3d8b79	f92afa5df8b7f3493bf322d87815a934fb7330c9
17ff1f9a255ec97ab6f1136cf6c354d7b05c7eab	9b294cd657d7e0748c8c9979f9455fbed7dc21c9
180728196cf99081cc082281e314a4d0bbd0f654	56efd3782f3231a54106f6bce9d56fe1ee344dab
181473a92061c387dddb569e42f3bf17190e8e5a	041c1ee4c614e38ae6dd91d4cce5eabddfdd54e1
182356a1a875d1cb3b06e2db8a1efd1d083eb662	85c1560c3f412048448905f02c56855fbf897fb4
1846ac2e3a713579f6b61a5ef21d51fca07c50e6	0b4b535be3952a6670fa3a0fb5712bdad0de5254
184f9803d05b441a3066dc0c3138def88516406e	1071bd79ce5d61638d02cb4a4a427e41e636533c
185f980007a4d8526bacba39746156ecd01678e2	9f9ec810c6f3fa6e2b3a7e2727eb30986ca3fec8
186f847e26a15f508ef84f2157ec3a5292e3fefe	b47bef28c053c915915e59b57e5017fae63e0db6
187e88d59a347d8618662f855ef12cf067b5cbc8	a3dd95dcf68693664197e9dfe4d1fb2b9ba0b551
18b31d5dc492aa8ce1a3fd9a28103f9c18a54e36	e9a5a90db87e33845936f9f2bd45aedb458af8f6
18c8217e6d2ec9b33d483e2595fa7ad8ee9d58d0	dc7ddf63a34c03a496bd5ec350a317262beff456
18c972b2539c42f2a831e7f13560ec0b9c64ec21	14a4e092a34520a116afa6c5d7fc19412bd70aa0
18d76884903ae1f3627d43286c3eb80d8681143f	f499b42cba0a67d89019c914d8022f295d1a8447
18ee6a2bcc4392f29f482c10b331b489abe144bb	5090c6fc822f61de854d93752b52816c88c90143
19050894b6b8f98b2b6af50d62e7c6c0a04cc87a	0d336e0f922ad31becc6175647cbfa8bd2fc6bfb
191cb1d43d661f83d952d1ec9a998b3b4dd034bd	a995835759e765fa25f6c65c8ff23cfd9b2f1c6f
191cd2a1c25885f8ef0d58d83df150017bc4c8bb	f7be1d8a028a1285526218cdc8b1a5e446cc98ec
192262e5652cc8f6305807e1182620fd0697751b	aa5fcd6c2bdf75275c2b43e637588abb739cb22e
1936680fd0813566587eac0b5e0d97c9a594a21e	1582c171e1ee6e51ba2cb1aa51ef34b9bde36bf7
195aada85f7bfe7b57994fa75a3434f7d2666416	e32bd2a6e48a5b5c8d4093555872b5dfa87a1c1f
198be37564aa80a60b910e9a1e78a30914545356	dbb48015c5b82d7528d974d48f9d6e518e9bc48b
199afdb19b9a6bbbf07430d22bae9c4a998f0de1	13b0bd44221ca4cface8f65d55238ed4c55b9603
19a10eb5a88e4a487873985b32db340b0a8f7b4d	1c8a7a8a2a777435f89a43360dd8d85d5fa3b071
19d0b064f12ef04645c95be83daece73236de47d	48fe52cf20321733220ec14d126036a95b7ed02d
19ea6eaa153088a4ec65d2360ca09dcb56ef76a5	cb6a11150744f2b7c3f53ca06c991624bb96b514
19fb751599672402b024d7bebac9540ee5e058d3	f944601818a83022945e460b77df64502f17de05
1a17400e164c1460987d7ecc47f3d79b856ec361	394e183ef8a3da6d0548827a26b1ffd9b2d5b77e
1a351583ebe35d5a6174620e8127bd9fe6a76a23	6300d7b5efc305ad9228fc644a82631ca5c52094
1a470ff6caf1ee53687c279269f510bfcb0e4b21	a8b37e7460477409595582541c5bf6b6cf79293a
1a7bc19117192cca98ba26684a52ec540e2e1669	a997c184731f5716f7156f104e21d3eec9800be6
1a94e49afd19be006218bf897e930210a2957920	583c6874e46a3de794ab76a2b886591a0ee873f0
1a967175025ee89d668aca4aa2107b2875dc546b	b568d2c05973a0120e63888a861aee6a2436e40c
1b23d6485bc0f3e4f4488136627e1d43b736ce01	efa4b2420ca974f8c3b7fe94639061f63e562125
1b49400ee3c52326e471ee3805f41b36d406901d	691b49a2d610b29ad827748ce7d29cc430b802ef
1b756f463c98f899fa449677b52d2db85c159a59	9487c516ac8e755052f1aac59beb6f027cda7063
1bb7a8eae82de69875c200c0ef2fb0a562f3380e	2510429377bf8211f3f7aaae988de561d39170ff
1bb93076ab1b0cd5f926051af0e9813972d11faf	81b0ee2c58c646b2e4b6ad0b5cf4b23fa71ba4ed
1bd52718f73962b7ea2e4a602666daaa5bc2a46f	f9fd41f3d346497ed560fb178a0f85b9aa124099
1be113a1b3090033096a5dc0da3a526f57b89d96	365b56e4c4c86b9a61d0726560f2d8493b324897
1c625466906c3ed632427e85cc262d998cc8f8ba	55e910b8627744621af3d7c021371e3e49affaad
1c81549c3867d689f49cd3575be55dc63298e679	5358521bf005fd18cf07e1985ee6dab37c6f5555
1c854f38164c03478e7ec95a7ea8e096870d826e	ecfd714e69b1f3fa151ce0309f4899cf1042feaa
1ca13d0119bc991824c5fa0cb51618ac7a40efb0	ef131f919f0aaa04fe3b7d9a20063559fc0d3861
1ced3f1baf10ada86bf0d72f033bf7db79f439ef	c1c1d3f7813c45c0a91418439efde735742cade7
1d6f75fd4a28c3c1b32e85ed627edd9d2f2c2fb5	69aad382efe84b3d0df783740330875c60f8aeb4
1dddfd7f08222790cf8b29f0185827057bdc7cfe	2fdab14de8e14b33f4d3e4400dad152e675d11a4
1e03a1eceef304fb38e27a255d3e66f9c30fc0bf	8d6483ebe2a870eab7fbbbb8d7cbaf9cf0da3b23
1e4a58161f320b56e55bc90841f943c5d5676579	81fe967d51ba50da13e9d9b181d2484ecdcb76a5
1e5ba2465315ddac85127bc71db9f4a8b15116ae	f237e796ba0f79d8c761ddc2f1bf46f80a6c3a3a
1e83a0805ca42526a86ee5ad8f4ff6854ecfd323	85314826b5a4c9860877e945f21cf6b220cc43ff
1ea310610ffbeb5117e9d27c9e1e4c0b89d8b9d2	550301a6aafed53b9c1d50e141a9d7be2ae67800
1ec96ef68ff1a66d9771d74bd1a8b4493ea1e07a	535b9acebd6cefa411c31cccf36482b988935798
1ede49e3d042b8c719a07908c9fefc003f1e70ae	bc72b06f940a69065538a99f59101bdf2f3ba266
1ef2666c78389f9daedce6813ef985bca43f7dfc	d951248daa38d64fbcb42d65cffb872a12bc4b7d
1f42698430035ada6a7de2c3edbf0a269ddda39d	9656bfd71420bd55eb50f9fea8571336005cbee2
1f57c7f9124485c31991c97c7108fe20b339bff3	3409847bf4b589ce8710388cf3c7065e3695c5a5
1f79c18a9924d276be823b2551b95a3a0edebc58	9ed8f715e167a108b3a5cc0420639b3ade306b10
1f9f72fad8fac1e4b93f4f4f32c6e5c23fb51fa6	551646f3faf4bd17564a24798bda4712919c50aa
1fa52c0bd11ce3f16f866a9d378d12ec22df5201	ea347dca0af0a5e5a3aaa5b1d15684158e5ff56f
1fb296a0e027c4874d146c8f727ff729bd397ba0	766af864677752258e6ca20d7a3db259ccbbb121
1fd1647871458d2c5f33336f3517d2c5caa7f83f	5cfc45f62e1802b18a4a7797371abeb956e76c9c
1ff13f5e9155a4b1b2addee287d53f1999dc3d5b	4f9a940c84ee6f8fee67d2dd6277cfccb1be454d
202607360c48552fa045853bc049546e5fa3f1ed	a29786f7791e94540ec90d0f90fbaab66a7a739b
20342177aae73abc5ea4b30aa1373a77514130fc	80a11195385ffaa6c658220de0850f46224187ef
206908897c228d44a3d66b3a111eb010ffea74fc	b6bd76aa6871233c8e64e994d4a34fcd9bd10925
207488e5ac364ff71dd9f09bdff4fd8f0fa842dd	b436fced9e5d91fe7949f4cbcaa443f26ad3792e
20800ddf8ec3bfeaa4d4df9ca92c2e0f75ccd8a6	20a2da97df327d62b6a4b600df29ef1de925c77c
20887015383e75b70b67f8cda44519cc52fc9136	6c234ea9c1119fd45ffeffb223e102706388a60d
2091d4b610eaed7e1825e2006fff7efee2432f87	3c7d6279479d38fcdcb34846819a2ac960122648
20c2856708e33704cf2ced7079ab5c36322c5a9a	8a5ffbff1f4f28fa428707122a2b86f62a916c6c
20f23adf1707b22b8b40253fe65e4c80dee20b79	cd1d133be25a2b3f2d6ff1af4b09422bfb56fb5f
20fdc481737289f7587685560bba65cd49862978	b285bfce4d6d4a7c9297fea48cb8b64d990a1a34
21539fd2ef517d35a2b911482a806f4c77a64dcb	f27f4c8fbb96f76170a3d04efd5856ce20febebc
216532b10a54fbdd228a11769c3ab43990a3cd94	3e9f1d50a5c8391abfb8a254fb70905b262fa7ef
218fd245cfdcde907cb93ef873ed333e965bed96	660cb3e4248c9a0d7a260a48170b09cb1b4059f0
21bd4e6f85ba734871111b7fce573501ba7a1af2	97a6d633f056659711422c3eb11cee23b2cd80a1
21c7f093848fd85b279c5f2a46abbec1152ecf9b	6e4ffd339d7d53ba2ed2fab1a06fced293828aac
21dc789e267905a22451761a454e73fae89dca43	57169a18dcb39e7fc051f310945fd204d777c188
21e0afa3304bfb6ce82283e9ace53ca1967f1ff3	5ba6aff1ee84d54c919f447287e3034a951e798a
21ea1f42ab35186ad47fe8b15e10828a90a1dca2	f19047b44889ab70d946d5427a02d86de6581f75
221ddbb13de892c3ee5da2388cc41096f2371ba2	e0c090e72ad654874d655af2ddba7255466c612c
2244fc36432487b54b757d253ea8b30e9453c4f2	ee629dc6fcad12138f0c440832db889299d9595f
227e92fd977c276cab02be5285d28b5adc95b2f3	ab651a5f312abd6788987317e755bce0487ab9b6
2286cb9d39a148e824643c576815558b5db9b4a9	7f9827dd3b0bc754d63a28b8dfd6bb42aeeb1781
2290baa352aa71854870f8a7cb00a292f48f2ba0	bd9cc634eb2d0b5f863647071dca0b6333e3440b
22b1c37bdf5bf43c07b7c8ef8cb39a46fd6ca418	6ac35f623feadf387cded285cb5321f8b3731ce9
22ed31870f76d819770dccd14629615886b15875	0306ded6e66260f359576d555aa5a783a55ad2d3
232432ba3ca21cf315943378d6eaeaf8b0ff611d	b0b776bb07744f229407f7d37f8c79df84d37802
232982a9cd9d5bd48fce46b29b6d6830d6807829	da33260a49cb11c5dcbf3203596e604012ef92f8
2337e46d89d6f2f2fda512439890ab74bab24fb4	f6e6e1995d362fbd7625e7c5c34ab49802a7d967
236d9698dd6a8ba28ab3a14332ee9e09b592e34d	0a8cb8af2a03f865b43e0b4f4e1da0ecb8c62ead
2373efd3424360373362bb085438ea37ad11359e	13a9a8af3596a17ae3681dfd22647ed87fd15677
23817cc0ed291774883f002ce5b212fb27782ab3	f6446b04bd8e4acc9dcae4460ffc3aede9cf7c74
239ccd1fe044febc82ed83fa6cfe385a370282ac	1556996bbe69f8f16fc64eced0335a1e73416eba
23aceb4d769bfd168b6c5f4b35d8ebcc24bc6bea	4ead3736ce558304197a655fe4eb11b86ec9f5ac
23c2d58de4560bab878ddc2e2463e6a449ba07de	296dd363042fc6ddb33b2880602ff69e24dbcb9d
241cdfe153105977f6e25061c56d68f5e48e0d94	10091e1004b2f2d8ba645e01880483f9b9f574a2
247a7c4b363baeef6d81bb78709e62b8dbbaa690	09351c5c6bcaf3f1d4f15090d756fce7a0264899
24a1172b8b6e5b5813ab9ec706866282bf8f13a2	ecd44afdd34a49a4b2794778ed71c9c9dc5ce2cd
24b493aac4637cd1d343d7550c61fcb433bb7c51	bb0faca090614b1947031cf9127a21c5303a93bf
24bb7deaf1a895589bc1c1f315474da71d3b0d6d	33a044c2af4611a9e840eb180ff4fcac1c6be75c
24c5895fcf81aa0bb7080015343ce2c925530eb5	7799eb176eb70c142a4d78b139c6ad768725edfc
24c7f2c91335c6e4d94cf372b196cd72f9caf302	6539acdd8a742a68ddd797309126eda164b25352
250b3ee41b49eba51f95123b36afe8f802a9ca6d	24f2479d4f1a29abd321c3e839185d10149bc5e3
253a8c6bf05db30bf39485822f0e2114481e26ce	29e277855f6119094d9563b320e2550383fac590
25525a824f7e804d62b0c55a4ab4cd89813f5198	e3ea158d73a4f0e8dbcbb18392e3350c84e43311
255cb45d4888a9a7abca9c29b911fedfaddde77d	3418395cdca0000b017f92872ef6a4fc5b43e823
255f23b7f5814c79fccfd2312871dc784325fc08	ba8209e8969b5c6d916cd7fed742e79637fb6da8
2578c438dd01f4363dd848cd48932e6986cf00b0	18ecb5771abbc61e2ab6f442e0d7a1c70b8bc71b
25814fa218992da944b8a1089c0959798a81d291	8a243b58f467b55f5d54654e34c2efc42a50e7de
25af32b65ff3494bdf8389ab1a5daea4a4bf1014	09877fb3a1855bc381c7840e43ace149b854caa1
25e468e4f3849e79c61883fe83681bc2c8b33a72	056ee1641c8e75e0fdef3012ea0cbac3187baf06
264ed8470929191535c9691ef12ae98920be7940	670fc81f8acdfd7d5dc0e16ba110196ec654d4a0
26790abb530e5b0d05b4e6017d6beb23ada07174	8cbb61ac3684bf9c98ca1c50a683cdeb3e85eedc
268c970f13e86a5a9bef6585c03f392fc625dfe1	cb09930e07f6b91c20674599777444fba78fb61b
269dcd36dd0c55fa0657cd9c4fa0b6a182796235	ef728779ff2f1a3cdca98a5547cf51cd3688df70
26a5bc758874bd587d47fcb7da84f806f95d0e90	54df5577977758cf813f8746d6856e91ef8a1c23
26cbf40dc3354c0e6db3e96d5e04a489ecf71fb6	c9c5db0d36471b8beaefc7140c579243eee4f20e
271f14770bd5c38eaf89721e4028d410e0ee01d1	77d40ae4ea3edb8962ee6506e6a21a91e97b3633
272fa528babb5b013e75ac5c97bace6fbd97a663	18497413707eae157166cab8a8bcdb62f73db129
27303966856df89d87545ff06f1d4024dfcefea2	5a9bd5d9115149776755414204186592113d9abf
278e6607f5d376bca2e3e9d3505ed307346b03c2	8ee15d6471a89ba8232d651e3232f2871b3bb235
2791f794d1de918a005e7c4c2eced14fd5f08d7a	1ad671a01adfe0672a38d651f780f356f04f36d1
27df6da669d8868c070a7093225415345ec92908	c3a61f1a4dfbc54126e6d3939d514213346038cc
28533d07dba1fe2502dc66b2d173ae06862a60de	1c888eb31e009a26c3712a0b7109a49828585300
28831d15dbf12c92b5f0c8bd96c0030daa129c94	80a8259a9024a93ca77ad0fa5cc00ee4653f511f
28a26a26c8ba1a95b2f7b376576488f695396695	7fe0916c11396b5f0e7542ad9ccbfa916b0117ea
28c64f33da32f9d27445d9b152b732cedd6db8c0	d34513727d68e44a9672721c8d53e06a15d9974e
28d5f933839d889d3385140753dd71ef49485aef	b991aa038b2e1db74244611dec9e9f89715eaf3f
28fae25448ea72e3f7d82511080fe4185b156c6b	8379c26beca20dd7c3c32945b3140dc84bd1767a
290eb42cfd2d13202208264c2674ce423829f571	86ecde06dbeb716a72f948b55e3206fbfd2d28c3
29674bef36888f68569e31ffd41e8395f49e707e	3e0165fd7cbb4c4a2fcb027c8241332c9f5a9546
29819da8562602d155f7da484d48d8ce9489b4f9	2644ae3263070df36617062ff4a7327cd7d48e34
299182ba2b85bbd90db137e66bd2d7de7b339f8e	77aabc8923205f7a0ac6043bc3ff6c554ffe488c
29af6d32dcca0d4bb58d4e0543c208bb11c8617b	68d6f736a2e14b81bf7cf9e20c1aa5fe50540b27
29f0591613daa86b265bab5531727a1c33690643	8618c3aecf4a5fb44376bd89cc13e001166f00ef
2a0553e0bc24195df9849a1da5dc315ad1b492ad	f40f537d6e78b894cb2507f1130f4d8ed8ca3d1a
2a0d5f17253dc8791c1aa2f0e52b991cbf9dd91b	72a303d63e08bffc5791144aa4d671f4c9eddb9f
2a1d783a057075d08b37784d2e147bc0654d1380	cdcaa3f8b46b2cc47bf6abab6b25043dd8922e26
2a6fdf890b01914a8ca6eaf0b16e62d684033635	16b9c3bdb0d01a45dcd737f1ac983541f4e9513f
2a72daffdac951cc0c4494ba2b09760c18d9c924	a522c79e63d2816805d1ee55b32adfe0921b2cf5
2a9f306262ba67692f1174d26a23dd52fe88dac9	bd82eefa8cd1c8b9e165a5f9fd07d405d2eaa1af
2aa05223f849f865e670832207dbd299e6fac414	cb015bcdbbf29f9be19dd2c3e4cb642febaafa12
2b3cd7d522e19a02dea7eade1a3f4a4f2ebc7155	56614882ddf6dc74292f442f4ec326a5859ed845
2b4f694d523adaf216a56d3a9451690998be5735	627e05d351fb3905b8ab960e0c253376241ff59a
2b800c9264b21dfb73bfecbe9881bc6c07c7e0d1	38d161e0810f740a8a4f60d820d9a967d758ce3e
2b90b3cc014fe60eca1381092d95ea75bd759b8e	286daf5785d871cc59b8dbf5c9086b8d0c3c9cb8
2bf19ac629200f3ea15543e44c2b1a19f5e33adf	0f8f6d85992560d4a609e56f9f44e90921f0c975
2c3913fdf30cc18565c8f43fbf92ebb983c6600c	9806a92ea042c1ce6521de4e796dcabc1923854c
2c82f4dc6c792b8fae1df2da3592d365281cb083	c1e67da18990a66d968bc5b2e7e0860f719f6922
2d059a22b19938051bfff8ec0797798b0eac5491	3482935aecbb7326676b61b87c14cc2a02045139
2d388a2041e21a0b87e0882ce5735c18e3049f78	85ed7f9d599711c8bd204b9843b83e3d7c916e9c
2d3a90139c4048c2acc27f3fc8a8fc013cd835a1	7dacb4af66f11fcffb7167a3b1888dd01254baee
2d72de0ac64e5e4f00dbb5c8cb712e201693b51b	c0cb99abfc20fe7e2d0aeb67ec82614766d1e2d4
2dac46c3bf6ff0fb3b0d1d5648043826afbdaa64	7a6314fe9c43b898a3c58c72259b602942198155
2db0008ab9a171cd288ddfe54111a373ad29a7e5	990adf974fa7b150cca9dc2d0e620b7454aa266b
2db33dce64e52b9c98288877bde85e5033952a2d	8cdcc40c357c7816117fe5450a5e54a353f03702
2dccdff78fa20fea1f4afcd994d053b26ae71cd9	ed6daa35e6910307552cd4ada9ec1abc073deae5
2dede5fe4ae9d3b2150e2390efbb27d9930d23b4	349889521b64039965caa64c59b1069c0e0f892f
2df77e351a33a2cc93cc5a6ffb70af88e770c510	167225ac6e99c089797d2840261645dfc75944b4
2e15a8bdae8af4c0760388f5104b83eb58763874	83dee62c970b3d46341bed3257589a362c7588e1
2e63e5322a4d72fad6f4fa091c47af0a7bd8e34a	c0cf8080fa53fd27efb28edb9babeeccb5621b79
2e823f697a251df8d59fcda7bb3b25aa755eff6c	d47c4fc28a5ee2e658ff4c2850242888eb015e99
2f0025ec9370099d8859164ed7f1e5c8d7c0a702	1f78edc7d790ff5dc6754817a61f13078386521a
2f55e58281253ddce2eeb328f1a3f56eab65f139	6fe50cf5b9930d4d953ca00e991e14d08ab1919f
2f60a68c29871fcaec95c7103c434f82cc04bc49	7a01e691ba18c2e17573a5b522b43bf9e45879dd
2f74d781fc82213e6ab237c561d98c0d94507bdf	b1c53809f51d54765d75cb6cee5b210d6bca04e8
2f9ebd54a375e4d2b673d0f288133b82fbe0408e	9f7a74f62ede32e86dae0a643355324c62ecf2ca
2faaf7dbd4180ad0d70592bd5bfdaf6a47e12b0c	9d0b6a05609ab148a5d46d91421aa6632b09b0bd
305c894f349795508313789dfb4c635c127fc528	77e3d33d0034a7b1fe80c58f067b3a91325ea4ba
3067d3af3535da9ec173ffa94e7982d9adf3d5c1	db9baa5b847e19cc69eb03db86facbf60fca7907
3076d4e09ebf3ca3ca05849ba20c6c43f3ea5f9d	c5996723f27e7db236eb70ba6c0ffa5be333e666
3083bcd028113dc676612dabd26faf3caac344bd	9b6754cdad6963b5af432380e214e5bf05ff9516
30b8ac55ef937d7769fef50d41cbe4f8fd241847	e4965e21397907d5d712fb6e10389b994061830b
3121b0da8ccafb49bab48ad481c69bf924a01522	184f79336c43e2ec7b46f249a18b6e2cc41c7ad8
316fe900640bdf529285b542e33d448c016ae47a	7f48c321f326f51da86be179eac26e6552e931ad
3194847ddeb4926732694ae5746c601b9494d14d	77c1ef42a501f0fbe016aab8b20b68a195aa9da2
31b89f119fad12037b1a589aa03957829c6a3d83	c2db0af6065d29748160d2c824d4b4376d4762f1
31dc5c56d0c9f94cb9ad358324caa111935b07a1	39225b0b6a2d77acaa10b39e17ac3a6c693dc2c9
31e3d84407b6ef0b0a354b4f2a1ff91edaf5093c	74b49294970a78bbde29f74117ffe2f627af1e55
31eb8dd11220a56de1ce9045609204034b8759e9	9a659715796a30608e313195065d4ab9783f761b
325042fb775cffe2138666c7ebbde71f21387931	aab9df041b3695168558d92392af2aa711223fa0
32c8336414520ecf306016bd2eab61fc48f98880	1552245512240dcabfc4732f29ded4e54b44f923
32e811cf36e15810bf3591aac61fa704f4a2da28	927671594a758029180b26b02cf9d7edbf9e8c07
3317b8e42653a65cf6579ca077ebca258decc84d	d393b6de8dad07c26a2c2322fec9208a92337191
331a3aa16178050426e21f24e0dba8ea8f17718c	37cfba779ca4e36ee6391cdc1f070d6219ca3155
33333a9afc5659aa1c341474ee40a9952f0e49da	31f511dcb318acf7678d0598fe1ba7c8cc985c05
33551082d3f3e028352a321305143ac194568142	f9d598324dc2b75b2dfd4c4f3387e4cfa8fbde52
3390f781ff10874cd9fce84bea14f4be6bb8ecad	a8e3f39c1566bb996729508239279c89602a5d9c
33c6f47a42cf329fa5f9a94c0259628665b50c14	8cc66f78a41a30e3a881cf686d81000e6e9845a6
33ddecd622fba3d511bf169123226f47849c21ba	1fbf3161ab63cbb053d2247059a20a43e3376b6b
33e7d6373ce5bfb80c6c5c605c6f9fbceca7d0b3	46119d89dbe1268f23269eafea28045d21283523
33f1582becedceeb015c33792c74274ffad80948	c14fa2ad1941afe30e58dbdd5d1cf7337c8c77b7
33f9884ff08a429df1e178c7f5a1b75a0d1e55af	1fe7610d205a8b8e5d9c93c3426eb20db8ac7dbe
340159e990c765c120c3df0f4890827c1152bec9	4ba58a7c6c9cc146e7400bac7c5f62b59cbe5831
341401cfeea24ae350d68cf1d6c45e6ec0bfe4f5	cfba13ab08d5ed94ffde6186a36b1a75371c87f0
34185810c4b3fbcc5da72e43a3d0a5efac5ab002	511841e65980a93988ecdfd5a151a647ec4defe3
3431efe005bc7b093fde0857662c66bce6a335a1	3179d5479ce9a905b42f7c0755a4f991d8f90a4f
3453d8d3668e8557278a49648a40f31b4741baf9	9e461cb05f0022afb1b672725f1a014cebe3b19f
345460894e97c3e458c295e0a6c965514410105f	38b9374a6e185c0949aca632b63f6c18326ee0b7
3467681677f2b421fa6d68cd8e002eacd9edfa01	4e6c72924dd3fc7ec74e1cf5838fe977f294dd68
347a2cc7c97fc02bfefce515dd4af646dd365fe2	f97014b7f02956e5fd3191488530d726e35f4660
349c36b9a2bc86d3abb59062a4689c5b0bb01e50	e63227148d3d80d09facb85b6f8fad067b234c7e
34c624c877f59a45b58821d0acb636263cf1deeb	85e863c6e31dad87f02f88d0b4151098ca2364d7
34d47adf4a59ef8b2b0e6882235613c818044bf0	9e5b0a0c2c9cdac5585744782c30714d51117a5f
34f915a6cb9f3999491676b90c954a8090f6d250	b82a75b55167f9108eb84a99a9561427d1622fd9
350d02a64fe957749777f7e38ec19076cf24bad6	86602be8967986b928c8e230e0b008d3cc2ef8c1
3524605f2476e8630ef15d740811d48e43b678bb	6a47985316c4af044a32e41e5745cf554b1e304f
352d180a9999a930528227fbbdb54dd4ce0b2234	0be9f080b02aa7e9794f296f9317b343598bd20a
353bde3697febe64214ca30456b259a293487b61	8f5301762ca20d5f5b97a23018ef150ce505a7f6
3552295f479c7f3ad4981ed383ebc1baaf447f36	2baee872da58405ad2d7c18a0539b43e17eed140
355e624406c015a5ac3cc99c30301e0d84c548fe	7f5e7ed9adacadb96960e5a64766f104f2b635fb
35a81896b95205d5638647443d3cb04609c864b3	74a40fb0c4eb8da3a8000570d1add3e04bbb987e
3600dbcff8af67a63c5f82def6cd2140fc84b95e	18bd65eced4c281dac4d4b9ad2cd1a3f55a584d3
3655682e9e95344ea90ef7c32c45108451111b14	a52c287e9258198634aab75618888f18255b2a50
3668422e4ecde970c0f37d2a83f753f0b31eadf7	5d1b8fe541ce963ca22268239d9ea978d5a3fded
36b0e9c25bfeb4269bda79aca994073b9f96d7d9	b942672aa8e5009479e39fb89be28404b7966bcc
371ed478e9c5ee94ae98d83cca71117218dd0aa2	f4d00217527a73e31f7e123f9df20c9b268b6f45
371fa330f5e68a3a69c5c9551ee9b7d236e7a458	4531cd1fa544cbc5fe327c833ecc00b5dc640bb9
375c7352014710e1db82dec7cc3f2c8f77e12fd2	ece5ba84b1c22c3c9b145f1325007fc2b439415f
3762164b32a3f217f2243afaa5a344ad0dc481d2	ac85b766bae72a553d8219e31c76c354bb3d6db5
37679c24a8f71a1c365b55438f7c9d91e17b1067	fb721aff121eb203d5084e08f13c6664e972e529
378fc0fd8257c0beeb3a655a8378226a630b2d73	e630b8d7b1752e5b07be086347dc237968905fb3
384196942d42f6496f7eee5e7b8658ba67ef316f	9ad01656277402abf96eaf2d1b2e62c3670160fb
384b55990601769df69589848c157b94374c9c05	c6f6d971c25be7caceea30c18fd0aeeb0aee8a59
384c483cb0ce534fc7fd9c0f142c4c71e93a02a5	cf7a3688d652f2a821bb53aa396f91c893b26567
387c68cc4d084b7067bfedae341abb277eaac8c0	a4b7e0daaae606ee65ccc21864c84ed75511a950
38859542fbcc2a01a8cfb81a59451a5263239daf	dc7253d786309d94a583b2a34d103b7b01eac1e8
38a0745667562234efdc7820571fc5e4b96e335c	9503d14b7c74e67ea3a484bf76ab76dbac2cec04
38a45379349dc156140ec366729c16dda0b9d489	307debf4f948def6a41c77fb33f5b2e95c7bf139
38a71e1c872f82064bb362022be918e5849380e4	1aaac452f69bba15e68a075e5032fac30ef957ec
39196771dbda24732a9f1b3fdefa817e61064d03	51751824091a34f57caf5589754d98aaee4959c5
396cde5f0a5c2a013e5928c187738491e48a8ba9	652e07c58f42fa354b0be3533e4d1aeda667d11f
3985bc777f0a32ed637de05cfaeac9da54788bb5	7240526b457983e6fa3946fd197fb981111e50b7
39a31886ffc7821ad50de4f999c9ffe4b18409ee	9418f4bb019def0835aa30bb615ad5fd52602a85
39c0842996e2ee0a0c3a87be138336ef30985d0f	6a25c485ff76eb85aee8f7134dbb5e0c8fe70513
39d905548ef7da615edb2a4f808db7bc643d5845	5e0c69b8f51c64be8fd6a1a736e59686a6eadb78
3a0d45550e4a338190980663e2500972c18820bd	fd0e5ca186ffcddf5866c05b160922ee2d2b609b
3a15cf6916d2c78a27c1f7888ac4733d23eeb0ea	28a46114bad78956a4d4469cb7c7190e2dfa6dbf
3a39fa160d4018d802c3d5ae5b7b960a19ab06ca	5d82d7fa569ae64a3af5565d2aa34eea0ad225ae
3a3adc2490a30fc35340530a5e777149dca113f8	049b603c2fd34313944cc6117250f23eb511b273
3a5ea84ab776b43695710203e823370863c682e6	8c87d6a32b55524d2e24974d87830820e0663094
3a6e19a0a98e398bef45974cd19507a8800ac8b1	93d495478d8c20598143e8ff433dfdd568e1b6be
3a70d766e069790e31233607736269f835a5b472	1a288f515d328367e90af704084832eea746dd0f
3abc928a98dc76821841c70e203f2cecba394e49	1eca1bff778ac24a85f4daab2392c57da32f0a03
3b1029f83360fcbc7720a34a316fb5e33357c1eb	bdf72f7e78456f1b39c45e70e75bd9bbfab70055
3b4f595cfe825a37d5e50246d901e757abfba715	c96789a0fa30afee4b45f5770e072d32afaff4dc
3b72fca49abca82673c862aae7ef2cf7b12357d8	678a2f4770ced6881c6eff66920ce3214a0dddcd
3bc1401be57985dad613d45b54cdc87f2a395d6d	f5b7b5a7cf6eb936c66031540db7a53a438a41d2
3bc8b3500565624a232f1b7f8fd9316b7097f51c	1e103186d7759002323adfc2e65da88df103df30
3beeacc12ca1492e2fb5ca38b4974d2696dd419f	e946c4512d4df1286df662e9bca0cab52f747bf1
3bff87402fd73e100fa43376a6475d3939d13dd6	f48b2fb0ca0d468133cb3a3b8aa5fd08b8aeae33
3c0fc6440380e67d3641d9d89b0b00ff5a0fad11	1b2fcdbf5a33a38745c67e9d0707f745e870b695
3c79c5f2024b23ab6ef90edc53d208f3f3ddb665	42a343b1a305278608616513e45ab0a96c500820
3c98d8451ee609ec5bfbecfd5c3f0b8959ac2165	d4b2328f3c1e1623410a3679344f00d3186c263c
3ca5ee9875eb76419cf4ecc6f9cf6afd0444772c	b1de4a2e56364ed9be26cce456bad105a22b3240
3cc38998a6fa82a7d9eba7ad7aadfccb0b956198	9ca4b9c1669e6247a9cae61364c36f42bba73ce5
3cd21567bdb5f588034f3670fd1ccaf39de6a1f5	b800f4665ec79fe374a241bbcc9b6d6a6b104afb
3cfc77ce0fc3eb16522e06ac42f96636aa2562a7	122b76e0c9a099c7b948d48d3baa61793d0e7a4d
3d19f00fe1f54da7d991cc2c4c87dba0a9a77bd6	7d8f43d5d99a64aba3ed9e481d859dccc22190a8
3d2de37b39ad4896ddf4009e1e85f361068f550b	ed90292f03964ba32d2153be387b6d07dbd95a3d
3d558aa8e8789737a2da34b24e75c14fcc192b2d	b43fe7aa58da7b816b560dcbedaddd158f33a81f
3d5a12029b90dd3b5895aca33b5a75357044b159	9dc0caa39b0c4852a3b39692a4162c57262aadf2
3d603b0d905d7e4de0d8f33df72c1d54f075e62b	6d624a9d9ac98550599715025546152c88fb423c
3d74c78a412ce73b5875eee8326b5ef134bfa271	e870f520685711ce3e0da689fd4ded65374f9f39
3d8eef5724fe1106f1a6c6a6d8a62cf6e3c4fd33	c8e7caa1b0cddc91fb5044b8fa28de8e535beb31
3da99306318c417e50bda820bbf275e29f50f2a1	4ae7dfe45f6345ea64b999aeb84d361ea5b0b04f
3dc1c8b7a88dd5918080059bb5c296e1cea67a2f	6d0719bb1eaa8ba4bfb112f03db46138bc3ca494
3dc6d97c08c29461942ccd709176255946b01831	cacb0af509142bb301b8545f9febb4cd30b14136
3de4f91278e758b4597e4b90ac3069a56c88a662	2397986edae1641d74d2ac16e565c84001281c4e
3e055fd6fdef434b83130533f17cbab307dbdfad	b87ef62738db0082d741c2701cf0430bbcd9a666
3e31eb529808c58ab8ab4f2d2b132ba041fd4c84	94c6d6dd6435653dd01b2fea9347867c4f899c54
3e5c5aa17ce29058e983fd2a153e24a309529d5e	ae40ce8c7cfc65f8fa94c11bc61825108f2e0694
3e7b185b66a3260db9695924e04f9272222744bd	0a262233884a6d8a0b32beae7ea9a0f035f8b651
3e9662c9cdb4948f9f8c59e7c74ce6eca7942cf9	176fdc695bffbe9418787d4d9a97fadceeda1b72
3ebcc19e513e314da82c8999d46571b2903d170d	b909a26a718a3fa86218c27a9d94b6ffe1e5ba4f
3edaa939f3d97367afa53dbeaa05fb1cfa631ccb	58872af12268e9056db293d4bee9e95c25d1718c
3ee4c56e545611fe2985c873cc6b443b5dabc516	5cf38d251e9d3cb5a3f057388530677a8804085a
3eea91182896dc5333e64f4a3024ed161c592cce	a7c1d79d35e585556de9552cc0e3381c799666be
3f0a661959456e80df279a996365034f025c23af	979d89e22b3e4c74e6f02e8bcdb7560b88f017d1
3f1c17837be22036e1f41363d21d944c4b1a03ba	cc12722a12d83dc08c0e1ad4037bec067337a279
3f96b3bcbb62b450b9ff73c194b4b8d267496175	e74ca9872bcf4daa580af3edcdfed78e1360895d
3faea20d392943b32855319d5119da20ed51bbc7	44debad35fdd05295614c4e273d387f02089ba7a
3fb265a40ba406ba15c3077f8de7cffc0909c408	78767edea523055519f67e49f309bb5b336be670
3fce69ebc99b9717a245d8cef45c0f2add56a67b	88d3838c695ad0e519f67e89c4646bab43a4d02d
40024271f27674378ea3721347aee97a195aab34	691172db7cd08ea1bb4599a0eff82ad4b83528d0
4010f2f9549727b2880405cc5ea9f7b0ad78f32e	99f885dc8aee31c6c5a42deb49bd2f6f5520eed7
4020bd403f54748647a10aacf9266f71e7608285	7dd217b8af6cba2ada668dc3116cae2433b8f184
40333a181ac31d48ee70fb16dc85a092a7c683ca	9c4ac30c7abdc424007e21c1a3c4e23f6de37a46
40a16bfde260ec0f5a7ebd1e3e7b9226fdc14264	d6b15626a0deb7ce57a30cb1da422a64779b3556
4119f530a91fb80bc6f8f777c3de5084b1906bff	317182e9a67c8d98534c56f07de051d55cd44ce4
411aa0b380f5842026a0c5dc98e5738a55df9523	ae6fb2e4e4917afb8f8b0051eef523f69189d54a
41284d2a5da358da8629bfc0f1c051353de8742c	70de5f2fa6679d80103f986ee35d66856fcda683
413773cb71f48f95e84511ffb80f837e0a9f0494	e8542a1bd8a7c757aef26c67db54daf6d29c3369
414715fc82b0f4815f65d5248cc79ad2b34f56fb	6431354b7f8952a2f9045f8068e0f054c884994d
414a5d59af59b23953628563af74b2c351134ad1	a89bdc877b45992b8343f1694bffcbc27696b1b2
414df646e00130c7443779a1224312a51e6c8819	f8983fb68bea3890a19e36c20a4dc26efb0bedd1
415f444d47b09ddb8fc208ebbc6ebbdf8f11f046	c0914a38eedf00d834d723c2705221a5e404f6c8
41812f0ce584786c7b79bcf26190eed5c82ed2f9	61438135f734d8f157fb4f79e1e99efd3cf1a056
419f8d8b5a851f4ae0859185b5ca2192eacc5c4e	0c47a48f9eca9d5fb4621376f399849ddb372a6c
41b60108c467cbc9dc34d96ebf3b0a9234ab11be	33c631dd2bd318066dfba4c70f35c0f967d6d8af
4203f2ee8ccafcb20dcf6bd7bf7af1d3f8a254c9	4d0411c0d78c7b259266a2036150b0ab608399e1
4248b195eee035aeb4a71533e8c2a71cd26c6639	77860202142a735de5edc5546290bb99c871ca41
425ae55ca24bde27e7ce54d0435a800bc5c7a4f0	f68ea3b5bc9a625d16983a7043196274fe39c5d3
426b6f9c3df4abd3bfe2cf56e8825022c58a440b	0339c294d33fd43b26b58e1f4d2340246d8d55ad
428fc2e03625c2974d664bff1e2bb23dcf075c3c	ada15fe009e2685bd16553a6a34e91a3c9d1e556
42927a912698c83c768add7bb322182f25e5cd4e	8ecbad8f6102c0b0d32e14c462c18912bab4b834
42a27890b808bd2f7dc304444ee28a9153ef13c6	d8cff2119daa31b2c8f4378e719a516f656473f8
42b2fe07937520ae21ece90033aec57af560483a	2a9a98128306f4b10266b2905e74d6766457c404
42b57bc2465715c7569b72d7e275327c6992d6d1	f8e6e92e2051bed5ad581b56d2d95a680547b0e6
42b9b3d702d3b9821d2c3483beaae8e3d3c954fa	8636f1e93ef43596c9d203b5a5b2275c0062d359
42bbbec7b34ca9f04f18316781a84f2a05dbea3f	c6a5c2eefd704b39c8536dd565fe1fcea8550e24
42dff9afaa3371820846f9f72e6c01ec1dbefbac	ee9cb78ddf7c35df2e7530efa5b65b4bc5dfa029
434b6b7183d5924677c1e7c77a9c191859624ac3	bc8bb32736c6a4e4caa8ca2fb4911532c64f4e2c
4356913c6a456ad18cd151bced18a3f3e1f797ae	b9b049e1a60486caa785b675ce54507af165e115
43b98421e2d1ed4a48ec48450f62071ef90d40cd	e7df70413d2f42b4e7c78bccea8b28d59b897efd
43ba39779be11aeb17e71875e630ba3d8feb63c3	ebe6e0d92d8c84a69d56cc712df73b5ae3581db7
43ca54b873d2c77bc68a061015f5ca24ea77c1c1	38f88993844a4d9c80cc0b485a55a678430ee101
43dd3d69daf796ee8f53e49307f7210ea9466655	2e9a525652b6d0b0b27b0d9a81ce5ff79aaf4f72
43f8b8a46f0d61bbcfc6e2814e746933bfd0d15e	12829e4a0e07717a5b04b4f671955a74f35ec7c2
44083233d53c5b5e3c4d1a77b9c808cd2a4f9b05	7918e01e43035b9b46a243c68dd44d7274e8ff79
4412be96b75d9b83dc727cadb554e297e3d30019	6abc8150e8c43c8bda05834bff5b3af62fb35d9e
4420d7abcc01abceebb558ba2c16e4065c70621a	6ca1f2967464f3fab7e066b5f8e33d99500c7400
44a953802cdb995f64212313db6f42f3ca416efa	b83dde7aa1821618bba8bcf84d0ee74fbff71759
44f2b33ba53e6ed1b227a49a38ff2d7463ca9520	b30201a0cda7ea3d47a7c77f5aac69f6b35924ce
4503803fa6409a447ef8096e72a0ab2c8868bdb3	58b97851662b8c6c265f95cb6c0c4fb174c20031
4529be6a2de662ed88c4015ed0e3ac8b7f37b249	c431bc46a13ba08df79cf8819d3ce660f0ba0671
455e5a8ab00fe27bd942239abc4e1a88e0de3574	677a8c309b105fb4ee8e18c2fdb897b648550346
456648cb2b50a8b94348687f835981fb8c651801	a350eefe6155eef447eb10c47b668c49707ef8c5
45852490927401760d07c2a5484be4adefd5664f	f3fa7a033ac15089e383b717cfd75fbe7ce5ce56
45a3e89a726f60e91ba6b1e0148c037c94bf59ac	57047574399cfcff83f69db2c2c4f4d584098347
45a56e2a22c3b688fb7ac5972335dbba29f376ac	fb3bb1f366ff2b95fbb92176986b38dd9b4c383a
45a7b08b7a83c06ca9d825360d21f4471e8f6ecd	089709ed7d1a5b84936375873883d7185d352de5
45b4dc9a3d64abc340f08340072956df8f1a0296	5180adcc240beac8d0924730564eadc50408a75d
45e00fcb6e0aeebbbdbc65f5342f1067e370beed	f768ccd6b8543420413ba6d4eb5c541be4471309
46260401d4c12826723c34ebd5bc4892c31a90d4	2430935739b2fa5ae6c61a9df9354fd372c5f1c6
462dc67e15601ae2aca62b7fd3c2cdab916fc838	4b268ff83ba042d9310055e856de5a7d2be595a1
46454523802b4486f052421600c9e551bfb4f59c	d21803a671c6fa118c39e6347b64117ce240fe45
46e7265f1fe95d2186e7f3e66f1adcd29b9f78cf	55923e2447b6cb7820741c41302deacdc8f89f1c
4765bcdb1dfd8d462122703f69e14a67c6ad28be	0980fbb8fbcd2256f6e8ea5da5401379386fb570
476750d9ee710751726e7f5136d03543e46cff8f	9bb2e1d4cbdcc854f12b9dc728318c2cd9759c41
47978091b1796191f1ff31feb576f16686ea9d37	46598648051604f691a46158dd2e3c82a1d8e590
47cab9c6dbfa2f78a12e685895ad731b70a53c11	33ddc78ce533d86e6c02be7efe546b3780965b57
47ea78163306a5dbf6405692ad2cec6e14851785	2db557c604eaba0a116ca02b095cfa5c6d3a8f14
486e0ddcfa19621b498c746c45c8450233e13840	c426576439209d8e2be7e6707af2a0ac24d59693
486e8ccc32ff5fa1e2669f1c65d42e853386078e	0363a5235580d92f609c11777d48f0c95473da60
48a41981b899572e9233ab84752723ae6fb906ba	02d0cb351de9e5bf8687be22f106797a371f6378
48daa03567d8b20f942d24a6da6a6f8f7937a553	8c23b60523cffedc8d2673d0efab9e3f091aac06
48e01dd581726c45a37c4f8e905e2a0eac874f6c	a9a755ef9dc3a9fda34e085131ebe14404fd4462
48ffd487fbab85f4f03db66ffded308dc3311962	7512aad4ed915be73e0ba362153527b32c3e1af9
49384af016f1242f9392d875fdb66a2f6c512db0	2137b1c01b611400350823bbd43c975bcf395863
4951350a2298ef3997aa147cf1585a655a4ad1d3	cdbbd763c19e8ef9d85ad059b8c0414077decf82
497f6cb96f8e2102dd4ee54c9a6f32f5f376dbad	ca039643d62e5dba6963ecf142a316ebdbd0887e
49ab2b7ed0612c3d4ccb693ea1230d52f0f89a3d	aa3ea353171dae97af3678573fb11e5c39fd99fe
49cc9e9054d4b2de84d06104fe5873b668b1caa5	dbcf2257fb5e1688f76bb32f81dc75900c409b2b
49dfbfd51b23a83cbe4f5280edaec75fd0746701	4dac5dfa1498a737430439898736e0d5ffe536ba
4a09c64dfd544732ab707aac279dbda82cfde476	4391c0d4ae19c7705be53d6864fdd4a99ccb331e
4a0c88117103f3b4850bd79f0483e78314167f2a	d2ae0008d23901cb17f04fe4378f3cd98df8c74c
4a88e55d8927a219d8bec10739fa0a481f99a593	5ab23a1b8430b38259e096fd23ad9a0ea218a773
4aa011b4c93ca43943b981283ff8617e48a677c2	19d56bf87ec96ebc1ace432ff741281b86fa76c7
4ad2f71696c7f38d28eed6b748d32921ac5db6d6	849303993bfe2717892fab3239320eed355c1355
4adadce4a78d3b7efb0fc0d96d9b268a0191dfc0	f30f3fe28ca7d7a8c0e7e76a12b8c868bd84e864
4af1009ac38335778d21279d469362d94d3617a9	39e037495abb8ee3f5093216a21ef66cdbd6f23d
4b0addd9378815163a6cc0a28df84d663812ea7e	dedb68abcaf535e080ad6d7c5c8818070fe619e4
4b188023e41f79e2b8a0dd15ee041dd894da43d1	1945ae9f9ea877209b4b021211c0b30e0474bc4f
4b365bfe389f8e38db326937bec519e0c9cb078c	e850c14e35d1fe7c1e55e0a16bc920bda7dce4e0
4b69cfe47ab2a64bc48ba37a4b281c77922a3b2c	17799a525c6944c678974cf16234b8ac4925942f
4b87b6dcbc03540a3f36f93c0d8930386729b37b	a4efc9f005446d66b37768ad3e3fef01af74d9af
4b890a022e64211225716e5394d912c761808c61	55c8f7addc810d1285705175bbe3a2bf6e33aebf
4bbf0de1b591f116ff9e9877ca35240f0a919e29	f31541717843c815370ea042f63cee936a0b49d1
4bcc4beabf7ef6fe881cdec6e9f523af5d19dab3	fb2d5e32da3220642aeddd228be9b79ed9eb3824
4bddf77939f672d841f09fc2c522176c1e94a775	4bc240f17afcf91a7fa2d998a0e288a82daa5a38
4bdf6204a267f8d3ec0456b529e557cd1258fc80	0e7ad72da2e5f89b71c3493497e66344b6a79209
4bfa953c0966ca071bd40292862f687c816ebe31	341a46aca5c6bfb2cc1d642900ff7113eddfe547
4bfab0e9cd47dcbba229cd82f14fb1615b55b6cd	e435d8a8c716ddf70d46b4a81e28f73c0c844e27
4c1446f7578778dadee6db0ad07ff025ef753779	89997624c6aad5950ce8e68ec0de605025b9f43a
4c282fea5536f142fe6aab78de1c58d2871c912f	d98fcf3d0663512cca7f3fefb72ccf78f7db19d5
4c4a5e77145aeb6bc469f353f8b0941749640928	022ce43752a969133a95f66f809e1a58b1072ee7
4c7b8e79f495376245852a14688ce23a12adda85	8d90323d6b4bddbf3d899031806c53cb8d8ce681
4ca9f2b6f69417b6f2e646d17ffeddda7b8888b6	0cf981841360112d67f6bb6599f548e032bf37e1
4cb165cb7f83b901afbd14203178be519a5a08d6	d5bb31f1e3377cdfe33a1506d0c28fa8ab319962
4cd62a6cd64248fe11300c0c42c95d5029c66699	fa5bb7ef2a3f858ebd21a8b34ce2624363319b6a
4ce6a9a99bfcd1f161919418128d352a4a0decb7	ebfdb4233e3ffb655362ee328b6befd03de8646b
4d0ef3264b828a25ec3f2454aad4a8050cc93b0f	305044a2bf4848b90335c70c47d86802ba3d1cf2
4d28b5546c5631c9dedc79e65e09c953a30ad8e0	f8ee1239b30e9bd5a3513b33797a860c9ba2cf19
4d4d8b6af4fae30e35f7fed534b02b97f0b6c049	b5d76f1a84d6a520716745882efb72d00c13caf9
4d882b6ecbb5d46007748a9c63697a54d517f9e9	532047ea5789d1f8c8b82d806b22565ce0b52b93
4d8cade9b95eb8a0991fe61406ca38c36d546df3	09d50d57cf1fa46694232f83dd14fa15d12297bd
4db6033ba7ef7329322711d67857fd6154b5021b	7037bce3605e6d7a38e0c536ec8be9d463f36c5d
4db821bcb7c64751ad29a1d81138c1967fab954c	219b67e9055492e33704d374fb9e47e552711458
4dc027ee94bccbbc52a3bf67f6daff879bbe7823	061d6e4f45924a8d79b2552c5f3f0f009266d6b5
4dd0cb7cf2ddb01615d77bfdb97b38672f55bb96	22e0c4cd287d6ec7f45a45c7e539d920e7979a6d
4ddc1370bcf1f1bb213fa0f8cbd022975ee79fb2	8dedb303e6e8224fb2043178c53b0e986c72062e
4e0719ac268f514a21d3c907bf781d414e014011	b2bb8ff289d8aa3de2642a1a159bdd8bae65f19e
4e369fe9f0b3931243cceca1d8c3bbe9161c7e6b	825dec77b2de3e9ae231c7507c69f62b19fea383
4e57e9d500c1ed7f14dee218ac04ce2471801d40	a27cd449f21acd459136595efd79ca0e75eb2df8
4e7898a6520e612d4dac543fd4ed62199c3c5daa	f588a78e1daa297195edf6e1bfa3391bebc07d00
4e8387a071804aa6d87d443cf247c4dbca81fe97	bed6628fc542678b74b4043a1396d9a875baf051
4e8c7677572d4759aa53a6a991c564efd6f6f416	bcc0dc1c4e2bf0893a16fc9076839bf8613d63ae
4f2f3be9ab7b44cafff58a9f76ef9adc4ffb59d0	f9770cfd629fcef0e5b1ee9e9f24deca0736b885
4f3e0daf33f5784af02b45ca4f4d59b22c5d6600	08f7190967397ddbd3f6e3e1ad247d3e69b3aa34
4f7daf03d71d0ad5d2a37b39980fd0d580cc881d	bf88cfae7fd998e2ed99213fe82b9ad0de1a6eb5
4fc1244fb8f6c677c7559aba0d227bf7b1427d92	9dabadea8ae65c6d639aa38089aebb74e94c989f
4fcb447f1423a5f80fc5316732bd8d86c94a0cb1	5696014f92eeef8a941ecae0b1775500be489224
4fcd79e73ed869ac9453c9e0775449888a30b352	e48ecbd0225bfbd05e87f6dc26a1c08f570432f1
4fd065163283da85a3576048ed30df043469db06	c3be50e504be6b0fa00b1224049b3f661e128a97
4fd8fece9dc9dad9abc8b1a6bb72917eb374f58d	d0b73f5118f254e5e98732e47328a23f970ad89e
4ff06f62a2be12098f54b547537d0c393f868284	901134ff5e4454fb70265f0d24671c1ea5ac80ee
5026e0a6a1a5db11a2ccdd0837c9f2e9e703ec7a	6f90bd2803cf713c4dee6625e6eb4ae8e7e05df9
5030718c8e8518eabb420040e2c40027cdf42d1a	318d1ee22a6635ef6f09d11f539f275a2170318b
50c36a3ddeafcd89947309bfdfc4e74232ffa32f	4dd13f246fa8488f832cf76d5f93023e14d494da
50c699c629502e0309139bd8bb0d830e82c140d8	36b4acd1339a5f0ba738d1ded28fddf60a349035
50ce9f736d300903ee30e2206b78752f31e6ffd9	0ff5a3da33783526df1906db08e239987e616278
50e35805b664c9eeed5dae596b22540a2b649019	6890e3b97435bab30855dc988a9db8a8dfd0a2e2
5123f73a7414e7bdcc88919156008b46a437525e	d22a5c8b791983a199f911f00cff4d33c74ab008
51740b09c56b62139a5b93eefa02434f998c1385	cf7779884c9a61f7d9ff94605974858289fbac14
51a68694af9751dca062cf5f9eb3f875a18a1f05	d1de61e00c12e9656b1723c147a1d8b245dc1597
51e67a0795d63d3b0dc6c3c6cee663c0bd3de7c1	147dcb2fc0b51744b3bd51718ee414283ea826c0
51f5707402f2a31a78a68fde40b480777e7d545a	dff6ff127243e34fca20ac0eafc37ea8fd344497
5235817cb4e3ed5baf7cc41b90b149029634e180	b61f4a928a94ff696d8566666a6c01fabf4d6ef6
525440acace44ab92be63d06479853eeb705cef5	a45f3b482afc22f50f47de4db8e70b995742ecd3
5270ff0b8043a9a32e1f75f5a7bf549e6fe3f0ec	70369f916b547750f62a6c3905bf6be9a00fc3ad
527e46faef567f439596dec4f10f0fb3fbed49f5	07ecb4c98bf5ee89cf0c491418604fbcaec46495
5281457d5ae560e2186dee59dcb22e81184d6a7f	132400c4c0e8a043165ae73f8c14db88816076ee
52deca487822a1d21e7d995f5f79b064c3edd1ab	17215ead14d9fd9f7bbb306ab70cfe54ca618469
530f86360d581b31afd8a828fc9486082fb1ac12	d7e2d4118156104feb498cf37068506807351f0e
53240c2d1ab7de432f2a60aceb2cd91ce2363371	2a81274cad00e1135be27ef228441a3d991b72e1
5356ffd76414fd9b1feeb2f13f6297f44e32a1c3	21c589d8eb336795bdd087822c85d0c5296d7a43
537a1e13c57cff9cc2b9a81f9269b31ec80f6f1e	019f91b30ca6e0767b20a403114e3e55ebbccbad
53c673339551d55d8dfc8ea14cae8ece2969448d	e4e66e3fdd3c5ae6060ffa4c99ec87fec9fca442
53e98b61724e7e04a99045b550eca36768228ed4	90ff197890b32e84403eb4829e7a6b296f392253
540f458b61a9b670aaca26b5e6cc751c01395eb2	ef20a9533bbd9104ec6a6d0511ef3cc9e89d4af1
541110f486fde508cf9d25619625978a8bea0201	0cdf6b5f69e8f6b814941d5e949cb9980ad45371
541fb1faad59cd69d8b27ef5db8b9c7f09792f1c	4842ff89277ce19509e8bb87de3c370138be6195
542992964d0c39d35e65a64bcff6e84621089354	7425844603bbdfb901641e7918e09a5c1c6723e3
545779e6e3b7eb637383d857e5242a170250cda2	b230ef006c9e7fbf96b5fa20268b4535b2fac5cb
545aba0f0e729e96379bf2d4a12b2bb16710fcc4	6d71ebe53119de474987dc00caeb357f17b6d8c5
546f57e90af8518c1c70e06078199987a5fc76d1	5be0fa44fc22a758118a7b4da96eb78d99a21c5c
54746683f696aec7e924952b48bb1f0877c585aa	e73b95c0f4c2df9f3999a03e8da604577cfaad52
547942fb03c43f95968c1a6777c2b1e92191a2d7	6dd9b4f291d96a9b9def913a96899503a0d72bc5
548b4b4986e4051aa7aab3a2ec13ad1ec7601819	a200924a940eea8972ca1e5568f6120df5c01034
549c9d7b859b86f1262d6809f59c6e8803305d62	3efb68e4037076dc11d7ae7d3c7e95c6ebffbac7
54a9e87844b2766b8ccb1c92e1a3be3ec4d940bd	b8ce35bbb75751dcbaa069a26d9db5e63d99baa4
54b34b0c57502d08e201ec71f2594d743536a3d6	7e9d4c0d2a3d36f5259c94ec1ec4d51ed84d9a20
54b428af438feb83dd024ef6621f5c29e89384f2	bc8a2149e863db4415ed1b493f7ef6b4f873c9c3
54b8b1eaebdb871a9c250c8c61a9e437b4dcd300	d7e987d76ac446fb03e435fb9689d1116aeef20c
54c4d2c9bbed297a2ec5bb660304fe63c9ce1e14	1084e338ba2e5a900aba2e5290d2dd888d09f9eb
54dda37324eda3439daae2736e40bd9c9ff145b2	4009a26b9e9382b2d4485a660349f6661a4bdd1d
54ec3e331daed54a1c245caa2d5fc0fda0fffbe1	b1f5026ce69c69acc230691c1b3340e2f6215ab2
55414b999924b2514b578c58f6dab4d71e3d8b00	9727cdd83aebaa088ed36749a77643ef8965a6a8
554bb5bb023c0b7b669d13df3f2a6ec46a51e444	1e91c71cd98a34987d723867d35d8c66e7844e09
5553d06c9f0c050ab9f758bce3bbe43da0fc428b	297438f064a1e827fd99d69b29fe6afa885498b4
555d7775a94ca60051ff83217e541caa727d0410	ea9c4f6bcb656b87d10e365718cf62281f5b6217
556b3d6baefbed25c0ffe3787b13fb49b812d589	26649400b27032eb2e284e352c93278383b74306
55e6e016a02516bea3086559b58bbc70f186433f	b38a47a8a21fdf86fec7a9c51da234def701e6d2
5601286ab06f27ef8df89d9d714b35d51d18b3b5	468ee4e09290fb90aea802677bf7e3d541454b56
563a997758c57ba79476cd71dec8f7615780d4fb	7764fbaad0a0efeaf6f7e80924af5c13d6dfd2bd
568a3e3730fb73f6e9c2a07a5aaf35b5429e60bd	e7d46f5198df23dad5b78a81de2b55f0c53bc868
56b06952832b80b8c059d6ab156e13ed272a45b6	f027cbef9c89d9dc6d0ef0d3ee9329bc2f8593e2
56b9d3623b19e15e87f561a352b5094db04d2bcc	77df9abde899cdc78466a659d715ade44f6d312c
56cd5298715268d344e983a37f10bd348d8e024e	f4d2c3e98d2705eda2fbb3fb9661424543c6922f
56eddfd3965b068a1193ad189b029fa7e074b754	d727f81194bbe7acc7443b238e34601f30bd0a0d
57065bb0b9e6cf3dac6e088c44174a467890971c	7e634e4cfddaf5c9f0ff66d95edaa0643740be06
57112e62618e07a833a261b0dbfd2f64cc22eb82	ce684d9e1237c15b20e6084ffb5b98c4554f0669
57340cc931c7e0a3e8e3d14bef00e926ab7cfe47	3b0581e667c6b012dd4f9f23e4869deb0ea7258e
5743b8916a2fc1abeaf9f7f38e7ef7f736b44583	084d013178ac20ce010350df2b4d3bf5843c087f
5763530c5c7a2aee4e6b7391857a586f1714d1b4	07ae75cfcb20abcd6beaf14612b3a013d7ae3eee
577b0784f541fa39b67c211c313c9a8d7461eef2	1658fcf6b61ce8711d393bb747b933c42a16a832
5785f81d4ec19cf83450797409e620cc5de53ae1	e01d5db81d2961a9fa95e48ab11038c4d087b7f4
579ce8b7479bf28586df2096fdfcb5157b11505e	daa5b89ffc35f9e0266f76adc29dc17532a36c69
57a3615c16d21b58965a36ea81f201a2d1970647	43bc032a6fbc52d080df318d20fa6035cee48d8e
57c091d712b82ec702ef85dd80b0e1564dac4d59	53cc6046e1d03d95d703cc0ab273d7ba8779b31f
57cb62696bbad313d497c4a33821657fb6bf53ee	267bce85acb8e76429c1d3bf0d881eba7a57ad8d
57df950b8cbe23b2ec3e27e32c5cd6abe5bd02af	a5d2dceae9108e71fdfffd698bc2657bfabb8838
57e02d8732e503dbe169689454c899e389d76357	2eae6ad3c2a8dd7d8a074ad283488039c04a4f31
57f417c0e4c9c0b5aa2ae48e868a2061116f0492	5016503019df7365ac56eab588e7c85649c870d6
580259f56887bff77d4fafa802fbbf1745ede3cf	d0039b1c07c4017d5fe40355e830e92ff9e66eda
5805c0adda61b2b34ed649f62e5c1a6b0dec915a	8ffd219e42d217d0f8e630dbb61969798b8bd6a7
5809fd6064b425efe29f47471b5726106af7b8a2	30af59a87817e25eed81085cd2d5b05c66f23acb
5833e78229d15881ef5e3287f75a5adff745dfbd	f6cfa75b7dfcd34a85b99b07ba1e85f26c40e8c5
5835e696b90e7762ce073c00359e1d7f04fb329e	037aadaf7a37ef93ab04610383ea215cc5016776
58428d218136868b06c2e8f1b05d1d53a4e23f76	165b45096a79fa157a6d69abd58a3e9dd013adde
5845f6411a46d1581d229fd6868ffab62bc7157e	6903b65b151803d080a7c0a427740cb434a66d7f
585589f93cb79f72e64441b56e2da3ff7957f572	ae7097f088185196e9d12747c3fb52e358c39ce0
5877ddad2d4f9368a2deac18bb676ed2302cd005	5933991e5e4f3be6bc9f5a3ecaa08826c2088552
58a999bd0e3234218e113c8bd5f709010651de9f	caca228bc778e63808f030aa3a43cf64e78573af
58f5c77728d7e5cebbcd2d14d2b69e7c276533aa	dff5b8731986b0845fcad5400fb0bdf5b0aae215
5916c0d51f7ee52a2ea0bec32dc92b5fa728235a	7bd64de05f127724d61b5d27e57dd81aefed88dc
591769f8f04b0bac57c7aae106b189560cf3b8e1	61719abc1d1db97d92d7c39e4f0d6b0a9f340d2e
596dbd92e52f4a2686a0c5bf86c39f8705115362	2c9153bbc0cc2c6e976a473d09d2975dd39f76b9
5983e25b5328e318f6c003f24655cbd3c785eebb	b80e70da942c1f7750c9d973181d2aabbb1c8449
599bb038351ebdb49d2da5d943685fa2b098259f	76e6f3022f90b2f998d04e15d7dcac5c9af59106
59b2022212718adbc8bf0f5e319a2f0725212320	6dfa637bf65784ccdcad2ce8d9b88df31f23fc08
59c3c621bb4c5b357067b0eaaff53db8bf065cbf	67a5efdbce06e86e778aa41e6b82778c7936159c
59eaeffca79ebd219da9cd2575a7f26edad28415	26ca51c7b6acb8c9a74d1148fb647f87ee2c6c84
5a3cfadcde17cecb79e5db1b9d7c398c08c3ae16	6b69243a164e9f36649c6e96d9e332a81f4156ff
5a5211c446e8f580e7ae9d793563c6f473c09ea0	47765ccc5caee2743b119390aedc210a421bf0bb
5a583740bf3bc04a54e50007b9f98d4101c1a0eb	2e3668257e43ce45bca96cb1fd10e412c331d0a0
5a658f687c0aa34e32659754f7ffbe1c01e99e6a	009da22a21b08f743f8a802e02709eb419c3d4c5
5a92c083fe813ca12e957f71d515a01252d15c37	c226288895d4d991d35a562c95d758811ad5e4b7
5aa666051582970e6fdb726dcd743dbe40d31b0c	b05729bf58cee16c427e88a9772ff40f0e31cbf4
5ac0a4919fc2a7ba4428fd0b14abbe809bac50b8	68ce83b709a46500d2ee333d1fe0fb553b60894c
5adefefae23cdb2fe3a7cf12da78adc57669c74e	c120265f6b2a6413ea57bd3cecfaa4ddb68239f3
5b3953d53e1273652f3ec8fd2d27422331d3ff90	70a0f0420c94afe98c6ba142965f62f2bbb0ca51
5b8b7859b39134c70e636faab1dceb9824c88d30	c5c81d9d26ba6a2dd45129147dc93456d4891810
5b932637c004794a3ffac2c843f892148b1d47ff	367dbf05610f155f4f6f28efc06bb6a9d4b40310
5bfbe40b81061586bb496618182021c5c92c5ea4	ecccd82800140609d122bc077e23886cd4cfddb1
5c083dc549f341ea1491feff3d43581f6ea1bd45	f4fdcaa795f0378ea353a7692516e2118c11f7fe
5c342d04181378c4b0094f0ab4cc4ed9f8017a4a	dfeca3a31227d001a0bf4936a0bd986c58e88370
5c4816b0547dffc73d4ff64edf47235e6f1379dd	56b82a7f0440db2cb492700cf2b1b27d3a0b79a3
5c5543f05299aaf8db86ada440a3bcf67e0752d0	03d64a1b78b129ee7f5ae38d477242a413326343
5c6622cecdb75c9b90746c76b3730b0796f90460	571540f604bea8ad45fc03fcc75f05c70fbddae6
5c91fd4036bff28fc8e5cc7017c5530a8f396042	7447a1deb5885222f45c9d4dd3a3b5e660629027
5cacccb33818b11eab487b89da0bb4a69325f52b	e3712cb466b1f76a3ee2a92aa79d4796702a7c24
5cc387a4ae6234ea6c136380682d01c1807ecdec	45acc81ec2afe295bbd9d528101b34634765b0da
5cd02c998dcd6a7e9d4074cef22fd97f2473286a	03fdc29f0b2ecfa0810c86ec1e3d9e92bb0cfa8a
5cd5cfe1793593f7c081d08c48c7374b48a18e4f	f1182406179423fbfe40a979c372ab7e95c986ca
5ce5a0310158323c35c31710e3ed6e5fe954c113	1d74aca98d8f2f7e2b26c394356125d69cefd9c6
5d189222765d5c047634ea08475c03fc17f7c6d2	52a9fa1a43565a4a5fadfb2e67d4d0dc16bfb69d
5d2175bb09165382b39e320a555aa33a54fecd50	df59562e5d7360cf85ed931c15acdb86e4727e25
5d2205b2a899d6515b2774474b3bcb3110a4f211	82e0fa979ab0ae63eef1626c64476158fbe113bf
5d23e89c228560ec918567dffdd52573fbda4860	8d8542f65edc330dba60a02bcddde36887f6c79b
5d67f47bd001eef39a36345d1c45b193cbf672b5	c2025ef31ec5827ba189c130c0f4394d708ffd32
5d6c759a9dd3ab95eec254e762b3c3dc1ade349e	37b33f54feca1e535d458b895323fd8157ef9693
5d9783ebfbff5ab70c2cfca5088ba33ff85f0b57	d939db4a5c2837492f610933be6a082da9e9729f
5dafb446566762afbb7e285a0b7ae67da90049d1	7095dd1a79574dd9f989ddbdf1dc7a60f9ae9583
5de0a195e80c017efdcff8572b9835d57dc8a65f	d4023f4074e3af4924974df0021a956f2537d1b9
5df649b1ae8744b29401174354562a03d1a7f677	709c39d6cff75d38ba29689589325f7cd4c2b9f9
5e15458487a2a7401e2fe47affb61aef98f29bde	6056190ba4d866c47f83e1b280acbfa2587fe373
5e56fb0c50269ffb2c84a608bc8d020e1cc7a61a	366e7bee822e5f764dfbe5eb5d30a8d4cd5243d8
5e68378bad7f176b9e7ec366769ccaff1c54151a	d8904db50de58135a4e9a83062adaa32a7d08fce
5e6e587039b856df8f9cd07707fd439c6775965f	ae96956830235648c4b8f77f8b5c44028c2c1adc
5ebdb0ae485a6000bbb9afeec0d40dd4bc4551ec	b826a98606437792f5b2a6670a38890e2b435be2
5ece40fb8bd31d5d1562b5405ff883a155779695	522685a16f9a70147d169908c122be9573664e35
5edec0201a5ec8941421869c90aac1bc8e4e3bf1	2458db81e657d60823cea5e1cf8948c40b3667c7
5f3036b30ff652897dd440d8ff6c4606d032c03b	2e343eca18ab179f0d5581cb7bb5dd788241143d
5f3a1a89a5b73874af209d28e4f1ed9fa6e3aa68	94fe4d2a225ae594fd6d3078523dea069f1e4d61
5f6206c01b3fce66dc4aab4fd5e56f20d45273d0	1069e176d6eed33105c5f9c120e3261d634fbadc
5fc308eb292ec8b7537f24eebf256cd2de69038d	467bdef772cfed9a63ea72eb8efb36d736103b07
601218383e4fb092d6880ed5dfc170182b335c3b	735f509e86436cf0eea1e2683afc7acfa9eb1191
603da66615065f114140fa50ba16a434d8b2dc09	00e0ca7286b8ab8494081c2f643336f1861d63c3
6073d6c104167830efc95475b3b6131541268b04	61dde7d8f149aa7d5b62b09fbc507d60c4903166
6074bda628f456548a8976fa109bd255dce48c2d	7279255c7a49f31eb942db3681ffe4387c3c0908
607aba268eed6661bdebd60db4071234e75e239c	e069d00899a810624e02ff49de822d48cd09b0b6
60812f78d4574f688f1e4205f895dad47f84bca6	43fb6008d8ab92816fac738dc9eb00548ab7c0c1
60be4ffda6123f558dcbb5b72b84c653fe65d2a9	5f66682985a3793e9db174d4f0dafc8ff012b8c4
60dfdbbacdb002621b85378449c66397d4d377f1	a4e62d68b7d23fc7404c5bc5a0a5093f32537a9b
60e5b8243d7c3aa0bc21c8335f46e89fe5c5c4f8	4471429b0ff95e34f4f4cec80c234513dfb951fc
612e2d0cea8e5870a75538952709d009429ba39e	174fec4bb21609bac52e8bbcf7554f9ad4ea1d53
6147f3954377e2aebe0cb769a9d6f8170684c416	ad9d28047ef9ab8f1df34069dac6aa8a27d3fdfb
615cbd63c697a168f2fd09368d6a52e9b53d52a2	5879f92357c6f2f093ed8b95433d8906b2569fbc
618b68a74a7475d2ada0276683d2fcaa69e231af	0af39e75ebf6b9e236111b0ebde07b1ee22cb6cf
61aadfca3dbca60c97efd18e0c081373aaba4002	cf987821a203267a86966df5786a858819d098e2
61acb1a40b267952e7dcded4fc40b38d54d92709	109be90f4f939f1d45c4f52c4623b5e5fb7ebdd4
61bea69c7dcd21a96a3d5782f30009d649d6a69f	f32ffce1fa0dead9777c021a42b70c1335b4d28f
61e0490d607d2d7ce17f5fdccdf909ba84b46b67	2ec5e923a1566e91a73f376ff44e9de5254b9106
62111c1eb398db546060e283187f63a59ff5375c	742b9e9d72df957e3edacdb5cccca7d3b115eaa0
6259ccf331e3630b5a779c311ed9e65f4b0f12e3	4f9a97664c95cd6fa2ba1953585a2aa34fd33c71
627b1dbf18f9a40516a89d7670714f7adfd5c205	45c5477a6310c9a9e85b4f972a991ae932b8fe17
62d09376e384b17c00d3b59aef08bd52209cd6c0	71ef9502c6d5c7cb9323a06cbc7d7d7ca0890439
632131f147e38b13db6a9d1703c1a268dcff6f9b	467353f4f92e4a7c9161a322f228c17b8f48aa74
63641e71bf0c7b00b33106bc834d9948a712ac12	d19451674d50b1e467346ecafd46cf4879a803b6
6370edfb95701504f341fbb4f41e37b2f221b2f4	3bd8d3da52c654ada9505351ef7522229d349d4e
63a1d2a6677a5e6ec9f4a4518e939309b8d548b9	829c99e2858a418ed5560c06d8f26ecab186ec44
63a897b57a16fec9951f65cf1c8a2c68433e83b2	70a013cc89b7d3cbb813cda0d01e2425916f8887
63af6b7e00e2cde374810fc607bc8814c329974f	6ef26204e06dd656e544ddfb19d8732967f2743c
63dd8034bb2217482695d3870b6dd455c5d75212	4b5b8765dc04ad081edadfbb68a9774626451210
64139bc4c6c6e185f4288033ba83263f8b93d04b	5c0efa87145c440e91bcf77ac6c1b4c823e02ea0
6425611caaf549c3a38361359c3b6673a04fdead	3700dfae53a09f4b09de9528b3eefd673931dbd3
642bb5e35bd6878e27caeed0b7951610e53f6829	0f0a36210cfa13a02c1c9254af67c2ea1e684d51
64499308baebe3c51f0e38a6a2ab8e986f06f56b	fde6c34049a491b1de96290c2b571585d143b317
64587954b24030e5c0576b3e87127e15ca5fc27f	ff1138e15fede74b5f015b21b4917c669a1c5554
64815b4e9a47bbeb120fc2c35b2731580146d265	2c20af3b3e2f37d5337bda3547c1c04452a538f4
64b6ae6a6b1dfcdf639ad55923391957b0b4186e	b94c9dc169ffb61e1399e8a81985e9438652b924
64bb5500cfdd871a77955a2e80ec650b5a87fc8c	937e5986650ca461f358268f61e429f47ea9011c
64d7ea837c9f94a7629c4b830b6f0f17b471470b	1d327355995d97c1a0cbac086bdce4fcf12603b5
651cd06385ffe49a9cea923287710e28445e86c8	2d584876eea995f8e923931ac631cad5f70dbb48
6553968ea82a94eb2cc3123762ea091515a2ca08	70a7a786f297f0dfe32b94ae67a1686be459b2e3
657130648e949b61b8da1149d396e0c94412e366	e3bb2c227fea478793da38f0272a26dfa089dfc5
65a84bb011e543e3b752b5d7eda1c5f3c1eba481	2816a4a4e6266ff5afa9b35719f05d1c9e15cdf8
65e5e401efbf90482752da58a62fc6133ff611d0	9862150afe53ca4dbc5fe04e4b515daef5c4a3cb
66471b775e6aa1f975b0375f61a7327aae0f201d	655719dc4647dc73240d28077dfd2c5851ccfb3a
664beb88b0f6505b2592e34008086d9a35395daa	359b0e8d7f79d940f6c41ecdf32a660dddde9181
66752479c53e6f6c4113fd0f6f7515858da5c738	a0f93693c61a096d25aa7951684c2ad3f8d957fc
66afc3182219fd9d33d4106ae21d21edd1eebe6d	cf90715eabefd438aa8d4bf618d1694d9a00424c
66b307628604e03e9c75da484cb5ee2519e14e95	574796d418dfb498f81667c8d72cc4c26ca413a9
66e0a50e1bef0560de2f3b8172cc267b3116c4fc	c104fd3dd00aabae0e6a83511d874be526c80427
66e75d28e9d649c49f0642880bc6e60a1f647c9b	084236dc307da274ea7347a977f0e59163befdf1
66f0bfe673f32a877483020e209ba3bcd3f49548	12052786467adc9f3460722ae28ed35a750b4ce0
66f854029fc1ceb1a4d09a1f7432f95b915cbe97	27cceaff1f997a5d7d0587f6eddeb83f45393362
67669bf48beed0e5e3fe87c37c85ba84a7317779	f088c50a1353c5612998867ee9baa5f105585f71
67babb16db87af2bc95986883bba1fede7e16a79	bb8b7029dbd7a4cbf1f6411cfda47d3a76835597
67ce53334c622912e7373b1ff88c9bceb3023e71	bbfa714636b8ebeeef88914fd8a7f61bdb6c5421
67f0d312c5962b77fea3ff46afceee02897630e7	6a001a736d45f68f8fbdc540964b21f6c7c4d127
684971d229a2f8c1419614563a0ae72f4e61948c	da1fdd617638ae524cdc0113f2c25f72eccede5d
6880c5d3c6c262acc553217fa90de8c2cd1f7ba2	4b40d360aaabc1d9a12cc0a1dd6239f20db994a8
6881d1d715a94fafb341c49b4639143ec38a4e84	03788ee768024640e17bfdd806e9006fed74e815
68967f9fb3f8ab93a2a80723820876913ec70717	71c0e14c2253b37d05decaf8449701f5087a3715
68bf4b65f4468462625838bf0808a38ed8238a94	28d4772817444ea0968c747d61f96596df2dc7e4
68d0b94d107b620ca214eb37c6a13905d1cc7c38	1278ebc95a06c65bd45ff38b28b0d9b56370b9b5
68f413d8f88153644d14848c8bc47c7a290bfbda	8d8f41afbb269e1d6105d3d9ff785bea92f23ebe
68f496c4ce65b3fd811dcf7880f6b298a1981761	67d306193f467e08c9d05cb7ca9a23c204062cda
68ff8b23182fd63b8e90358f037ed15309293eae	637a8be63380befc887e789377fc7a9c4d5fde4e
6919b0204a98461bef791f3437de79f9d1309523	51576a769448184052b712ebba76a42c31beeb9b
6925dd6d1ae50e2e95e7149216d11988061c9678	5a9b539bf288d5ca120922f2a2a03426c050b070
697f6ec1a9d7ffbc390417ab48a79cb1b29f1d7a	b43dbabc769df69f0af5ef9e4369b2131a6f9019
6988932ccf78f57e3b9228f888f16be607ffd6a0	6c9761dc5baf610dc1a64279c0560f81b9265b0a
69e27ed08376cbcc4e189c55c5f0c835d4fd5cbb	9208d5439a3f0a7229a7209caa9e94828c8d5e69
6a045cdc3140e14dc385af9859027cd5818b3fc4	902e94aa73919adc78ef8aa78099b7f876d246c7
6a066b33e50db336b10c72f6aba24f0661891ef2	03c4f7745dd23d9bdad2e5cf5e172507e26c76c6
6a1bcfb41aed14c133322b80f91c637a1bae831a	ba80ecbab47e1b2a62f24e052ae69ec6a84f397b
6a46a0b5a91d6dc86255b781bad57856e4aba360	6c29b3d2102ac17a212517f26cb92dd02079d778
6a63baaf0bd76ebd815afcb56be7df26e808e146	911754e204f80f08110a602e5efbf31c742f8140
6aa0345ddeacc8568521080b64946fea613d3f9d	7a1cf117212366ab23dc73783c396d4dd440345a
6ad91f7e012bbb1879ea704f830f4e1c02182851	3b410245101e280c2e9c2feafd6716012994e5cc
6ad9311905e4d0b3c1e313b7b4ebf32225644746	1592e2e8c77e3d5ff24dd470f8cc146768c78e8d
6b094d32885687f82c453fc4b86540226e5f836e	9993d0e39cf021bc93863f57c330fe26c6761585
6b76af7f7a0cc720b113885b5856d37b9599178d	7963ea0fbea700510bad32a904b4091be03f6caf
6bc76ec70835049d23a60d2a7bad4b2844aed401	8b803742b360f1fde423d328d8b3545bc7a5e2c5
6be27c7f120563adf2caf46ab4ae1cd894e24424	6ddbc8a4ce42456db8cd440d5912856f51f7df3b
6c05085e800dd2bc9b900a3b9d7be9d0bf7bab52	f8d36847901397d0a4370db506be66de7bc20992
6c6f07691ea2a8154b4927321e0112849ef577f4	7b1c11b72eff091157e443ac518d390262e71b54
6c7b3455213a6a006587eced4be9d21873ef0ffa	e7e7fde9ee240aee95ca9b4fe53999d8f348d8b7
6cbdbd3747891fd02d0c0d0a60da3d3be8f4b451	b4cc461fab1faea637c5bba73042f06eb21d1781
6cc8fab24cfcd08388cf2ee8c4f7a589cf30b920	f7551667a8db52e54f4c1994a404232eb910fec4
6cd5f3f5a74e706d1a0bb6134c3f561d31cbc590	d1d176ba7d88e1b329434b6d6dfc368745a6ee2e
6ceacfd3f293e125ba4c05749b4bc1b932114733	59b417207f74e1a6d2db845aed0b24ef7944b71e
6d089f49519427adaa992168286dd576a8036234	2972dd2121f9bc689c14702ca1fe9b33c01205c9
6d3336d6015fbdce62c3b0598ae2d7ca1594f920	0442b5dd5f05dfcb9af2feafacd87b984a80ce0a
6d39d402a26b7c25a4e08aa0dd41b6bd52ccda1a	9ff416e5b4a99dbbfad66801450be4f5286ec983
6d73530a567ad6233cf0b8011036ac9d8c5134ba	362f0a57f206ac2e939819f04311ba484386db67
6d8541b067b8a231516e0fd9ae24a21ad3ad7907	0faab77a27fb2b9a149818b1c12aba47be3aad84
6d86e4f2403d73c46e1cf66909d5c38297cb3e36	63a8b983d304b46460bd9dde7903dad3c307099e
6d8fc9793a43b6b95d93c601a246d2f862f8d231	c3dbfd64111d0465eb9f918c1447729d3f18fb3b
6dad4615cc37ba72b6a4b5d513bc7dacfeea4b68	d865ded8c7cb8db465f81b24e362c66c6cec7476
6dd32e5bab4d78c32827f40525aad6a16d5ebb4d	9602905af8f8e0c2ed6b2f435290287b75862c75
6ddc5998242454e6eaf5f5f84d77170602abd008	40386d9bb8cee9e8b9a10badac4029cfbd1ef5dd
6dfdd6a7ca110ff7d482ddc57029febb6499c3f1	22bcfd9bea543ed3265ec248ab2a20dd2dbf1a19
6e05d8e2912eea08bf3ecdc25b5d10edfe25684f	6a34414197d0afcb8fbdd11162b107a9797812b4
6e237f82a10438be297ad25bc8074008541bd970	1f72a3cad77dfd3336cdb0155d87ef5d4a1ae05d
6e2b0262d43ab24fbd75e8ff9731157b7d1ff895	13e0163106c4ec3af84c34d893ce835dde84e206
6e31de5b048b6df22feeae8c49a5fd13296521c5	934b8d122abaad802d7d69392b8a641bfc90d2a9
6e82add10575f9e6463e50f512d104773c527143	9ceca7b03ed9886a50b6662ec8d9c67873b556af
6e9f06b48a97957550e2343694966ac2fee07f39	db874a6db6b65152a894d8febb58425ccf9c4497
6ef70e3f077194089756d42e64a93d73454a0c16	b5680042d0674aed5dce158d3b206f9b19379f3b
6f0d5720501bd9018bed72c03f8beb3c508870be	1b36dbeaa122eaf14d2dc323edcc83a5d550953d
6f9a59a3dc2a8d9564dabc9715a7da792bed1933	117a1cdee41da0f14ab5af7ee75520a80c9bff51
6faa6331fac189cc3d240e04ec2830de63c2a96e	0c1c53560f26605d4cc9906e3a9c20aef0cdbe2f
6fc7630b790eaab8f20facd0216d5606ff115d38	adccc1a5b594537916ca96a377a3f0a58f8fc230
6fe2e0775c131da23497a63988192774fd0aa6d2	7f41560e3c00c679148cc7df025a85aaffc9bf00
70390e7f1ef7562d56c873a7834aeb832aef2b7b	4917ec7bb60fd775c992183fba36cac971c29856
704c7eba9b6c0fc87ab1cb4b6a00097c78cfad42	f968c358e502e9acf33427a15d8b703c2102f1a2
708d865b681a7faf34d3e705e4a9eef1f6e24af5	0dda4531777552b6f1c0b95ed69f958fe480fe44
709b14e6f8d969160cd474e7f71ebd9dd89a8311	14daa75b850359b871f49d40b5b2cf3b1060a056
70f73e6a747c4acfba7ec72743cfc7cc419cbfce	2540fb17a0f06986541eeb911abc32de8a5606d0
711d872347108e9ee412ba7e774a29cf08be4e92	fea3119937ba7a91bf1ea883ee65e8c0c3892a6e
7148f2a08a03f7de4baaf1164894cb5295ce327e	f6befb2eb05a2d71d17ac6d8b67b110e34aa6d0f
714f1eb5eb6c81511fd7e6d16e25e89bab4c79a8	48b17b4b763f4b0a50ff5e85976d20185b31d6bc
71540b54ec975449af64ee1f5dd2c9582975e39e	5a192894c38e860eb5c1c466299d854212bab942
715d66873efda7d0581b5d34ff3b9c3162dc11fb	37c8b0379c0959fe75f3b0db7361ff3ea50cc434
718d8a168a66ee0799b5e30eb2342237d34d30ce	2fa631ac902d94cf891582b00d28c863030e64b2
719cdb4ecf09edae8e56d038feb009cf9d14500f	600354d3ca0f00e546f98293d8e3547a42a99820
71bf60ba7bd3e8ff824d0101975524c8f14b16b7	8edce2b419618e821d2cc645d875b3a50807cefc
71e78290b46dbd7c5bbf4d39da72d439949bedb3	792b9d07c5c5488ab407c8ebdcf5a523002e82e1
71f0766befb243b68a7160a7900c69de1199d0d1	29c6927309135b02747078a5d1696f4a5a477e1a
720507978a3801bad7c62fca77781fe38cf6b832	8ef468f8904c7da9bf8710fb8e7add3acf4968d5
7208efadb40d981ad85c3512a54b6eae414345b2	db7102cb3e6713ec3ddc6c4b10770ad102e34761
725cdfc162b2234783c05b360d8207b42a65caec	5737c21efc8f05b29c47975d7ccef6c3395efd51
72659e7c1fa867c2bfb11e5bc831e920f1549d66	8b959d33a15757ce47a84c1c216b6a446e1261a2
728a3af3265af6d5d9ab1f659359a67d0c00a1fd	8ca546572876eb2adfc03bdbb872a4dc119b1e84
72ab7be96e433f890fa89b12d50ebf4cbe342e2e	9ec8e9a71bdff1fb1c6e90dfd8f71541f01eac38
72abcfe67deb18d88d228b60d8c837e37e39e13b	5647ba0bf6fd28566dd2bf88f53151db096a0f7d
72b66dbcd5a09cbd418a1bca7900b9fb7e262e94	a8221c29e3b259d94c9f739e5ef885769dc9b3a2
72b883a78522a7f607c7a6f4d0f91abb8354fde3	89e7521fb842557de4f0f1226005e40fdecf8235
730bcf62b50dc22065e1d74e412c0fb9ed9a0b22	a4b119a219a5b801733588519769a0a9259e22e3
73529e7ff648d44754dd3326d1a85df5a844ecc6	3fa5beb240c5072983063f85c27d8fe1caf577bc
736d1abcf8bd9c85eaedc50b5a3a6b420a1f57de	8c0c9a633195ce78434ab2d162a81da0369f719e
73ca07354d99e9bba1cf465a6f154ca0fc156b84	9de0072fad4b8ca58dffb40752f059a64f0c593d
73dbb36288ecc818118892d8c420ea92cd003482	e9c938478fe2e8cbe5e036e954b33e51cb1093c3
73f231fbc819ffe5255ea363a9a4090d77d93f75	f2fd548af5df290ef99aa11fd678b2d317ae3783
74175f18714e24356e9fa9171fd36cb96777420e	8b3c202647547052c82c043bd9f500f1491069c9
74179ec3cd84d2400101fd1e27c9433fb419db5e	13b59d2720efdc970f70bcbc037f93233bbfcadf
741f48300d99f1b00743beb74995e8ed826fa8ae	1dff8076c79e0eeff5673dbda46681c137a6b519
743e957abb047f6a23adb3de152aea8922ed2ed5	cb6d9da3926a0591c6dbcab79dd7f337273d69a0
7493c9a1cae1a22d33bb5be702a2a4b891b3b00a	e073ab36b35724b7c5aab183cacbd57a661c5e1a
74b2b33c94d8431cbdb2977bd8416e46e8d5eefb	6ab82ecfc68019a52abd7b8e1c1bdd505569ee8b
74d11c65bcf258661eb25774ac72d3c464824aa2	acfc1f15c863d6b0fb04d41e948d7b3451bccc27
74f1ee32cca396cd8e4d1cb8815b71e27c98df74	6e561e673608062f23386b9e805cc6791bdd85df
75153a1ef2601b015ff360fa7b5097f8120d73aa	49a36aa7f4e70d8f468aafd2ceb40504b28fa959
751e0d6c92d28bfd1a2bfc2f47213d00a1bf3bc1	1ccce1e4022695aee9d286dff831b004c57fa6a1
7536d95b1197003909ff175e3343be68952f7f9f	564a60a888db1320dd1b865b4a925435cca36d78
75864bcb0dbc1b63f99cac1d69dac741f6f35170	666ef44ce37543f941db223c14afcc003f070dc2
7592271baa2e7168bbca0d81b47471712621f2fe	fa31cef4f05fb45d6588de6109f2667c96383af4
75a983400247b3517fcbda66e2bbc502e93ec599	eb0859e1998f7b67536ff0037d397bb9e905618d
75cebf861d6076f6bd378022b742a4a439407110	3b4a44da3760334c145827132a38d3c3fdb86d2a
760770318160e3dac7af61ef01c1f2d31ddaae51	ce06dd9fabd4028dcf123837e610b7503bada0c2
760a0165fc674cc7e56025d95fdac30395c4ff07	6289be32dfd1778e55f95e3af1235c7ce0eb6a3a
760fb8819122d6e626073af6af360c397f23e702	dd4a0dfd3e9ba76822d344970280cb7e7ae2a7f3
76112c92c8a9f7ca0f500255ec76098a5113f12f	7dfc2079a4b92e1064ad6a22a56c12aed8aa8078
761c4fa654f0f41ec3b9ce782eba34d86716b2b8	d9e4f864f3853ee5f0851c3fa71079a506f7740d
76236c11aaa41992ea929cdd2605b7b763d72a43	1580d7200d6adfdaf31d6b4889547de704e23ca6
7643ec90bbc579d6162dce80eaf975664d21d375	c5781f506945021b1e5f27e0f578a79ffb2c88b8
7655ef003cf468eec57fe568570af735b61ca55d	19cdc1169baf3bd02ae5e5f7bc16234abbb4eca2
7657336333ac9c5a3016427140bac40fa7f05992	71f6a9b42260d4beb620820c4b936e479e470c23
7685cee742b816b8495f5348cc997ec4b1a3441d	94fabfcb911e28440b33a015280cc2638b468bbb
769a8b32fa53b911efb2ce7b7cb284091b7bba41	e407921d5c7deb9e631b45e5cf6b685d36b604ce
76c4c4fc152a886241bd9e610e6414cc2ce6bd59	21b4ef9500859b5871a95c058b3ac68dab4d1872
77012ee0b7e8ff32e9f7de2551e119fb5c50b1d0	a24c11ecf1e19403af7f53fb2b6f9745368dddfe
771541218ee03415c0ed80ad97cb806eaad3c038	899916d385c12cc599a0c60d7122ada984138c4a
771f34fd0b19f3193105e069d6b9757491c8acd2	4d3882e3d5608a3dcaef37c50c2780e303b54f8b
77259ec83fc3eb527a6030a0cf29ca680838de22	025d270923c9b06f2e31f3e49e027c059e099faa
775adee562f2ba26acbb1a0cab0a0cd1d698b9ba	47f360c50928892e6d0ea896ec6ac8d52802e15a
77773f2ee8311726af6d6b91a45ac87335a3dcdd	258e23e8139302540b7fd6ae4e4bf878a0a69f19
77fbb05b88619fb993b68415ff5f09abbc446eb6	3291ba394e5aeb235fdb4376b1a386cd8344141f
7842e24107ff222b19ee6a9523860481c1098ee9	17b599810c56377a4b15f007e4bed58a12987cc0
7857e38aac517dd1df611828bb8e3ada0208d5cf	685689d6a19f7594a0fadd070b5d3524f761ef84
789578c585c1ead93ac9873c666506266495759c	4ce8c000feeb777ea588eace08c6515d185344f0
789b37ca6121a53ff88258cc906bf6db6c32b7ca	c3707ca755d6cf5da98f39a34ccbdaa3e6edf2e1
789b38277599816a7d9daa4fd107c7303651f433	541f0926c57dcd97a7cc13b1f498073a74960270
789f904556c5bdef2ca4f7a682c4afd46e085fc1	5f25f94d6dbf37c59e9bf2aa061e7107d9bf16a3
78c06ec3de2221b61cf51f330db414216a6398e0	f0678a78cb6bdad118d252c350f4735158a17a28
791c5c365d781bac08f97737ac36a4981b3cfedc	011ba0f2d6a11df4133c428a077faeda3f85bee4
79259316d048a0083a5ec136d747774504890a93	f08daad65c1c0bc6317664c07d17bd2534b2f8e6
795773f798571b6ee5b3037fc1c798a226e030ed	ec701a4881a4f2565b8db1f0d6a0b36cd1752e3e
795df7090e51417db142fa82bf559d2d05642019	65db009ef0b88552553e4f2ebac16c837cff6c1a
7967c197cf9b9c0ec2444380c2a807a3f7018584	e29095876965119013d572b23d6a0cd1a9872ffa
798cf56d66b6a8e1da69a70fea75483d2ee54080	dfa1121ac468fad2f52aef31cd482624575c1b5a
799ab8487dd702a83407476ad71e63a8ae90f2b4	822eb67288500dcb527ebdc7d2e416b576f46149
799c0a05af4e1dafcf49f48aaf075fb5e791e874	7db7f7fcd7198966c7a912aa531727bc8bd0b944
79f8d0928a3c55951935d1233b4d3dd93d2990fd	7ac585ddf7e3c404723df7a8e0fdc6b23bf58e1b
7a167ded94ec8df22b4365f4b63378d7af95fff0	57b8ca0a869fa404666175b337b7c6d03d31d2e3
7a1f14b8ec6beac885818bf4175b241b9351b0e7	321a697eda02760a16a067faa8766ec4e7855c8b
7a671486dedb7e11764cc0c52213311c290999d1	6b56c92357739247b1a3b9605c9216cd4e527ba3
7a730d29c573f94934fab01817ec0056be00b7af	c62f3ab1835630150ddcd4e5daf95bdab41f9acb
7a9be84d379f1a0ff5914caf3ab137d7f82e4828	a5fb82e994423176e4dd8d99d29fba93f7cacb68
7ad2406f1b39bb5278e5fd99e8124c6a94a1dbc7	8d598efa921665bc971966450b5370d74e862232
7ae446bd1894dc890a773d8550aea9cacc9a9a84	c774a1215a6bada52753529962f7197fe32a6c09
7b1b71bfe05e6d693ac3096372c61612d1b1a65c	bebdacbf59e276e4fb97ea36054b4a14310f080f
7b404f12bca87b32af85ef0b099cc8174940219f	ff4c5e4e361b9c249359264f648f60b539d80deb
7b70fbf9cf2110633abc42d9504c58a24f55e8fd	b77592e1ee58e59ea81c6056bc91b04c6766e2b2
7ba883d238bb2b0be8c64672369c27074519962c	11d66e6b5661d2bce396bc50632466150c4b6ead
7bad90929803b7427f11cbd050ad5fb9c54c2e94	9c39060dcb6e4752b13f4fd73c25af3f5d1b5d7d
7bbcb6d0d42d7ed2d7b5707bc1a96e9a6f471572	1bd58bf63cc71672f89b61c36131d93b22013346
7be4ded7c43a42345bc07e1bb74962d995d2a1e3	e13d2a65f96c80ac3a63b93413c5bb47fcc8f04f
7c038ce9b60173efb19669fdcb02f4f4c2a65403	30817da3ce69568164122f753a880171a8384ca3
7c05401a6f55179d062d5c651f9c7cb617e42e7b	07cf7be0af94b389f4da5f19871453e6c309b49a
7c4a168301767b8782b3af477252052417edd5c7	4804343e362f3c65b272a7ff7d9bcf212db52a31
7c961a39c026f8c933e8b7fbe129cfd0f6587089	023bf2acba1f8e5e7b5424d7e1a6ea1a3282b618
7cc92c7cf84d4f4dab32704e328551212977d2a2	3f7f3539afeca13b18efa221bd89b79eb1fc4d33
7cea80743f0db01d5a4a7333f8d7700d4e8dcef5	91a856efd812bae36dd5bfdaed36014267dd1418
7ced5263f002b73bf811ca991f1f79ac7a19596d	ea590690216d51ec8abb49beb1f21624272e54b3
7cef43426372ed8ff2494e8639d6153bd96a21bf	dee8a7033f96ca34085f321f75e7dd8146e93f5e
7d52a7fcec0a1336264d3c9dec6e434b504d1d60	a7853133d8db2205fe76a80442e7d2c827b036db
7d54d8d2af32ccabdfdc5e1fd79b8156bdb5ce5d	7c61b244f6bcfb790bc5975c4d8795b3474b2324
7d9cf359041144e1563359592e3bf35674bdce3c	3a24c6c79dbd38094dfa2f65db6bdd86ea86ec63
7dccac9610482f9acbde4c46a134d99e979e6001	3a9debb8d621fa26c8262f1e5d9317aca0d68c71
7dfd04cb5490bc2b1ddbc1f693af983cd80f12ee	d26378d225fcc802fcf8c989bb53bd5663e4fe86
7e5fc0a464965eb10a0ef4ab6d6f0d9b2e0f4634	361e9fc066702c1dd93c98f1c18e995f6c9f1488
7e8542d70396f92b2b188549d5b0be13ade1e0e3	d42b0f636bd11d829660d0438b318fb4ac711dc0
7eac8c91f12fd3040b110403bb097daf992edecd	1dab2136a250198681c66bdf23108e37aba6f20b
7eb172517bbf779980aace49957074c80c82cb39	0f110feaa575be429076749f6371f7de45ab5ccd
7f3ccd722c261974852da858a7af0e069178a744	ba4b5446f513fb623e1353a12f5b2d93c92e9694
7f3f22f53b9e75d99b3825bb98e28bcb65e34a50	8003bc0d197f753cef33a3cc41dbf29d3f2defb3
7f3fb19838ca8c9a72f5c5a23e77c2e49439daf1	1934fbd3d2f30154a257bf696d380a48bf566b9d
7f83846d8d799c740c76bfdd664e4297ce1904ac	a8ce42eb2ebbd2e12dc732312422e1a9f9ed0b54
7fc5e010e95f824362e691f3ebe4de658aa1f03c	393c622662bb4be90c38b515a9ad019e51c2f584
8002cf3fd3a5c90f9ee27a4beba313917fc0f7ae	6e3d9d7a097d136f38d2413b5203b43f65cb87ad
8004115e172f21d96431c302ce5287063ab40114	cb63fa76b1dd13c035d09cc9ea609e2ec927b907
80327e48c73f5b9bb97587c42e7106ff8c3bc2bd	4aac105cc7f03fe66eeb566ef924715a6fab1037
8065c02125e9513f0688af99f9281c276bd96c4c	743fc3d78fd5e7f7a4785eb7721a5618be432a7d
806fa453bd2286fe9b0b7d91bcc8a4a45a6ed8b5	78ae0feac65420d912ebd493a509a744c3e68de7
80976aa92bc26432c6d101f7c3a39806f83aa195	5efa79124d1536d72c4db2e312136925063984ff
80db91f578ed53e469f052a06cffbe0ce4ca48b2	79d65446e234a2aa2985cb1a8baa41e842178de5
80eafc104898604c420769910b982a0c4c0c3269	f7d6306457c65ced743c9f35621cb0981bcd61df
81543ae3b3260cdbf761528daafe4105f1620a9f	aef1f3d7a290c5a3f9e2cd117b92a81cf411d7f1
815e7f2e7f0099868193171b54e89f9f21e194fb	cd75df74fe62cf5f05c57456f7c663c0a59a6ce0
81ecfcefba1b57b700c314c66927c666994d7401	6622ab6c618e4e07222d25c61ec6bb91e3c5fe49
81ef74b9af6b8b9e0e061ea2bae5f4c4b907caad	31671105de6e38a42c80ace67a1528edf4a319df
81efdf9a7680adcee1a171cc065fd9878864b866	c5d5233bc06c9f25d2ae4b37c026a68166984726
81f4098b503e106ccb5104f42f4995c611f352bd	ecb31adb8a1bcf7ca43a41d6cc45a2fcb33b180b
82195efb2997394eae8a90b7727a63a4400d41c2	c88717a569dba3a8e0f1081f9b69e2632a5d8c3b
82300b4a18f9c14dfbc749708edbdcb440c8531c	03dee1149245aca0dd5800f6762b3f010ed4670a
826417c79f3b041cdcae9dee65487f74417ff676	4dbae111f7406dc297087d5fe1ab6dac613bc82f
82b04e56ef224615f234270d96da686560662e4d	62a575c7a9c7781af9a76def98e38cb64ae2f263
82d7159dc34d6ad66f8d4b4cf47e960a09b8aa8b	14519a0e8a439000c8336f8c65f3ba044cf21e42
82ecd4aa52455e45ea7c5ebb436b445ec544346b	13f8617d1debf3939491598411430a853bc3869e
82f4ceac0f035705e8991816f3b7feaf4695c8af	53465ddbb1b586da9891ed083bdd51cb04ce9d5a
8395e98262e5e58a4f96184f320f6ce6dd2854b6	3f4e36dcf2412a8ebf727976a18a3a5e4207218b
83998d770664537489734e1e1f7564e17213b278	943fa28b25758578ed9f27543bb1e72b4ebe334d
83ed43eeaa2b480946d3a77efa8db6b39e118c1e	578093f7dd4593a01fb6144d960797f242f6d4a2
845e01eac9e0233912f2b73eefd73ac112ce6c00	88f97c1a5f1f9b742eabc17daac4da17b38478fd
845e37c0ca2143f63c309a73ba5ca017d323c321	07e47128898a53084cdc8053c2b0622cad0aece8
847c4c5c2d372568a1f1a64aa261e2a141da3a1b	5056ac6e4296614e6131936c2afd78598c81e622
847f38bde235cd2f1f33083d7b1daaf9ea774891	cd63e9aa3afd48e72af319500dc7c65a3de9c83d
848eac181c72e492061f944b8c3ef9a0d70f8943	af10c77c51d19329bcc9806fc2a957420b65bda7
84d084926d0382d01b46d18c5a7fce483c144978	805bf2e262d90d77797fbe4ca9a6ab2c6495aceb
84f62fc4d03f1d5639c74c97191e1f007a1729e7	afefa8ae458c1db42f2f0d389311e06618687d7e
84fbe80ffdd19357aa1167aa1d1fea5756e0c4da	7aebb80bd80cc672076e38d8b56f45eb1f54ef07
851eeca2a0567ff8928b4f96319d24ec3c70a763	74512c1dcc159003f5cd8b6c29c06832f76b7233
852e5d87b854a3c24ba8087d826e29ee317ee548	a94a28adde090c54286d99c1270144a9ce865bab
854450556526600aedd29ab3ee4ec04a1ade0295	41b8e61265d56669b638e4cb2e1c0f3eb3bd86f5
856b177b19bb39abb7090328ddc8d6eb045d6276	1580c814b539418117e938610288e3dc72f56ad9
856fc84fc6b3f34f9c78037fdf101f0658e4a99c	8f1677a578b7b350490442e0a6e593c4c54de803
85b9e84213bb71b7d87900b99f06be6e0ffc90ce	d5a7c77a28e147f799569ea967a85fd5299a073d
85d01807e905c0c70c831f00bc647fcaab7bd0ee	710b753fdf605164114ded5c12afae5c7c5527cd
8601cddb33f6df110928e6b33eacbaccd5d4fa18	cbba27d60f0608e86e50ecbce26c0f1c7be98dfb
862d405d945e447171254ee3430e79fc7fec08a2	2306c137954ec7e145019eb419723a1c2ab93e94
863de7475eb6d7d8acdc36686387b0f5cb946626	591b7343b465a04adc5e0006595992ebec828ca0
864b3b9a4ddd6cf4eb087bb00b36ed9c7b610c29	f1d54c2bc56801a2b8817674ff4a2f1263dff755
869d659e90887546667808616bac6b57ab34b95b	0d3eee041daea7374113be89008e9c384a35ee50
869e8d32961f5a1e4b0c33986726844bd1cad7c2	0352a637f37ec3c2bd5c4fbdb32d422d64900a87
86f13bcf93d3e33844b66f724cf3b65bd4f4aabc	af97b31f90205ab0d054001c8b26f7d36e6869f9
86fa3f2871f6437265113b2ae1123fdc55444353	622bd8284c3c44f51d90a1b9ca77e559f0f8ec49
870e415a4d84b0838c17789f6dfca7da2f1f19b5	0b86157e13f55a8df42d46899a1ba585c693f892
871b3437b8db5d669e4668234a99bcf9b14f423f	5cf3468c2a614b493220b4de2320c5efd4f865e6
874545a2982d71ba63d2314d295245c22d40e33c	d9598aaf0477516b444a30d0c9869f77d1a17971
87938af5189193dbfb2d3664ca955c6f885f6a9c	075e111466dad899b868a6b451ca8619311f0cd1
87a215076870fab704353463b0f339757c050c76	13d47e936c25a75fca39bf571c70164747861c45
8810d55d7515d49a6b5fa21e02cf5b254f7e877a	4193a39b8ac57454c5d143f80b4d126a91f60116
8817bf055e664f4c3d255cf4afc5acf715fc0799	e23f5e4c17b2bbf1504b06cb657f29b35698505b
883e964e3da7a5f9521e077be9771c4063663d3a	fcb04ac1fdbebf47546645ee0c4de0d145fc30c4
88e997deb61a8f229a44b8c8f42ca6067a5a7e3d	570668b92fe795ff9cc9ca77058029c2ba497643
88f1815e451d3b0ada6875cf68b35e0c5497e950	74410fe44e26d6b326f37c55498926f077596adc
890109801715e1d065e13098ae4cb37ef8cdf61d	24093d4ca5be303f071ced70f2a3d95b7145a30e
89033520ced903b6bfdfdce9ac514acb4a66a0f7	a4ea145233bb5fc6cddcbfc96b244beb048d8c08
8933aff25b6a12461ea2595f1eb913c653f100e5	ead8709830d5fb8a1844ca4686c638e6632a81b4
8966132211c9aa5a1180cba1df55f92243d364b9	e679b9a900064fe4d05e74558d3613492c37d28b
89cb9ea5543c215eb8453066de215ea2c9fc9516	be6b3a78055e7d4f066da5e7549316a8ada627a5
89dfef561be98c7c4eb2da96c735413b5cfd442b	daf6d3fbe2f46b73c8c9e763ef72f7cf4fd0069b
8a00f47c7fe93e76af94fc9ffa4834e89696b899	4eead671f5eb7ce6b94505558cef6eb7a3127a6a
8a4f600b31b4a7c05c88740a789259e823229e52	c4d8c3aad1c9cb3ff9b144aa96ff0f063655be83
8a975ecda8bca5e8988db911857012e6817b456e	03cbe93ea708f3a1165e50cdcf1a22191660ac5f
8aa47ff69715da3ad5f1f50b7ffb777bf2b9bf86	a01607200b004bd3bb9228ee2aafa5eb2671fb78
8ab19fe2a61340f4fe29fe52e16a9ebd99df0e40	303065be3b629f75fe8728532bb6d37300b5e80b
8ac1b7800bd440a7d049806a6b13da90b8555f4b	ae50e922220c8e28d65b1680ab5860c6e33a0559
8ae35b2d54aa90c0a20c00842aad772ff4710743	16bcb2fe5853c117b4b119ebbee10486408a4b6c
8af9c0427c71db97d76d795018f597f541d33999	65a5132828544b166bb4f5358916c2a084e6743c
8b31cdd97574e16e5fc9423422dc788b0517c339	e5547027eede5ba5761b89571014a40705b2a48d
8b448a723f5c726db55366f0345d9ec9a82ae0ba	82bb87bf6c8415032384d3e737f42ce1851054fa
8b552a37ae4346eb69dcfff87ae1783c6e227d55	2b3e8a4599dda4b75b0872e57f81597cb4e25c7f
8ba7d91cb8471429d0aceba5ac7ede444c865ceb	21d57f4a7f241e17e24c4dc506f28d42e7e309b4
8c4d831f74297dbbb5fbfd6b294ef4eaa800e2f3	6eb730197afe158001d87929bc5fd33a2b582956
8c4ed08801b117d959750f394341d5b2cf8ad44c	e9363b9baabd5c0bcbd32e7151f6d76e0f931484
8c6ee94ce66174b9e74b91e6609d7dea70041eeb	4b4e3ae609c5060e72a12df1b0875d469b633667
8c8a4cc050135c2b718a8accc7d284f6d8605e30	8b972bb7183172d57a2b7ad262bd1f5968fc21b1
8cae7cd889eae8a8f708c37cdaf3998f5d85839e	ea716ef91c311cb4b75119e5b32749bf5990ce16
8caf03498759bc5a7ce593cf25f85463888f7186	275beadbf5b75adf34b67727ddd704b25290be58
8d020c762377b9d6bd5fadb6a09a22dadc75b479	236b2c2f34de94ac08172cfe23f85b97c6183aa0
8d0af3249f744e3ffdff0cf5063dd35aa9662798	c04c6d36b5ff658afb55352ee0c81b26e960af29
8d3302cdce8bbd066728573b87b533ef249d020f	c4aa1e7ce5854103f2cf26a9b11bc0abe9de9608
8d3a62f0549afcc4002e05686d82d4d7a98fa6cd	a79b7aaacc7b9fc80b04254884d7fbb79eea04af
8d6a3fbea8f5e5f0a5fe0d85b1450c831c377c1f	aef875ac3516e2c9c4184686f520df26fb95597a
8d6b2b3e646f0c4b73657427365b35c9849ffbb3	6e4d52d592931059cebfc061b5d965fc395db6b5
8d6cf9416832f1331ef577fff6666ccc64a9c064	26e4598433ea62f1f88880e87918927e302e09e3
8d86f0910274e3fe55dd6e281048c3781be71070	af6054dc139d114dfa23cebd392cbecf4a6fb8cf
8d8fb44dbd58c82a7ad3707ee046187d4479cdf5	c3cd7a7894762bc1b2cb12e7c2f2bd23c32f5377
8dc9441da986eccb87a0a14d99eeb358a28da5b4	697a09936411112a70c6526647ee1397a933d31f
8dcaaa18e6934b5ea595512e7422abd6d82c11c7	aa53ac361bbf2bb70f78ae0e487f2698b989c5b1
8e0574e60595eb3b35e5344a3b269f480d275518	ce3e7afc4a0fd8c6940621592be080569715c7ca
8e0adef809d372fdcdbff7715a6fc2c8ad2fee70	8f92f1a62e14183252187d91bd22eb7c37ad2c54
8e0b12ca5b61c6b117f9f76898ea2c841c62a73e	2858e2bc7ab7f17a9914f30a028eaf2bb6df47b8
8e0fa7afddd35f6344cf3e23d2045cf614ef568b	39109eb0b339d8b595c6c0bfb2a2569883eb44b6
8e241353d9dbd0789f8a51b49a9d9e98048e4cd2	2f9acdb3010a2ecedf146c1118c66f1478f0be02
8e2a17a16f2b3d8fc2d68e79e475e51f2a59f7c0	2e55da43b5c548f6fe467f689db95803bcabf7c8
8e46e65179b3e72ae78877312cd325100ef26b06	2375d83b269b3716ade669c827595ec86dbd013b
8e793e9c153480ea408dc6bb9bf72231d726862a	0b70c2ff606b638f4a4105fc6f04efb9512654bf
8eb573382a782bde3a86ab817bb79fef0a3684b3	06a70c6351d18b9e4dc5131eb8bc46bf2fd78881
8f0e420839de531ca6656a525f284a9f5e49e8af	1bb16251edce013170e2d5c391742b3234448aa5
900d1698a14724d5888c23bb44e70bafd464f85e	883475d62279eb1ded552cf2040271d84fc3db73
9024affe4ce0193516c3aee8744259cfdc640c71	261d196a00ee73c53b59594435e18eb23494b462
906353f9139f3d60f34ad43c2f19d0f940603c75	21773270613a9b12039ef6d8c2e7e9cd092cb850
909ebca5dfe644a013b72eaabbe9ff472045d599	a74f4d7975bb9d7c49dba8d3b3c9346c11fbdd5d
90c100052e49a67861b34040f89d075e4da2bba0	4014215cfbadd5f16ea6d1b622ab4a96b8dca633
90c23beb53ad857bb6a05ddaff61f5346780ae1e	5550abda85f5a5ff8c37590f65f25f0cae485f82
90ca578f25e6ed7d621a2ede3ae289dddc11ad61	534062edab38beb5446735a268e7711a26c17cd8
90db719b71c31866afcdfc58b8f309cd698985d4	fb3f928629e81f5f5ea35f506a202eb05d1638f3
9125e117a663823b7c437dba869b399aafede19b	bbf2ca121f6aea783d02a9562a06e67ff2f2819e
91459aae5dccdad408a6e18ab0c98e6b0314209d	d1b8402a535d4901b283346552ea5fdf4b4845d4
917ae2b9b92c5a2747dc2353d66cd18ae9479bf2	185594bc4c32f325f633b59a1ad4536c516d6d8a
9182f8c87160dd5f588b7365b92e66ef88efa9d6	86237a961eb20a1bf0cf488a9822645f94bce4f6
9193b08f4740cd14594cb945fc914e57c7e4fe61	af4d39e1cfecbabf87667f8b1c7c821873ae61ad
91af79e6a67f01a7d83ec05d3e725f148f0229f9	8da15497813d6454bf77f6c108229951a3268215
91e5945b899021d683b94d9c1734da286416e977	829bf3822a19e5f2706b9d05b5a302f1552e189e
91e888e005f32e8dff9d2f5ffee93be23cda30b0	4e7bf2ca6c77431ae25b39191c35eef97ada4877
92c5ad58a95b34b3640c9498c44a0d53740b3a8a	a750944cdcf0f16e7d4b8b126a4d8ebdeb820586
92ed116de7d15bfd894d94786d91e0f8537f55bf	6df5b581cd6ebc9c7b58f40cef36c909dafec69d
93053c9868b4055899e7b5fa7c6ae41a03977e6d	cae1e883e64d44e73cf4570f90199eb9ec888bf1
932444cfac102ad9ea8cf7aae92c3e5a83dd409e	d1620f22ceffc3c8529f1a34b6a2e6af4989b0f7
9392eb37468224f79f697d6e1a514fea3b7b9f9d	a2c7487d21749e2f2e4642ef1a43787f127328e8
93d0db26dd213413cc7eced822bb1f63879f9d6d	f71d01a4b74d7bd5487a8cf939888167b6c3610a
93f8049af519584465f503ce977a2ace215db4b1	319644c730dfdedbe44f79ebcbe608fded99c27c
942ee3ce53a3a530dc259b29eede5d71c0379374	4fe73878db78f3a1109614f8c6d7a30513513956
9437a53ab377823033e891d0bde2ccfa7c981c8a	1b7ad82962cab2a2dba2f661595a05a99fd5f5e4
943be190974f206503426f5a5a6dc8959061a581	c3ef9cb0309af1d507522bff01aa8d9cae7a47b6
943cec201b684a395a4e854b80bcba2a8ce7a06e	2f0987ad980e9a73fa40b76c1808b1dad62ccc85
947c7da6ae132fcbe7e594281ac3c025abde9dfd	40a39b3d94e7da5b43845526ecba97a970a07ffd
94a8ca9920c8db5f6c64d79ac532fd429be28aac	94a12b4b6ce7fef0de1413e6e0ae5d7b71b72181
94b70328fd96a986064c25f4455b80d4bd577665	60782d9d90738b2dc593861e7353d85bd3d24822
94dd2cf2eaddf2fb3292e75a6dd654140a7842c3	db9bae4dabfdb2814fbffd0ca52afce73ae8cbca
94de66a55ac01d2528e28456696e885c02db8722	6a7bd73fbb6fc2de15cc4031ec19b34c5edd29fa
94df43fa5f253413f706d18a65fbc91693149ece	a26766812b48dbd583beef4dda9c8aaa69e4e12c
94eaf5feb8cc267c922dc7e68ab669ed0b1c3ecc	c54b48ad12d954648a5d868c08ef1bef3360bc6e
954fbc4f83c5e4dd39db7ea0721f9a1b956fa3b4	6d50a487a86dd242c5ec6ca05856fccbe268a5a2
95627215456ec05f72cc0a08ebb5742942d98e59	e10f3d579ef42a770b0538fb4397e0bc4fe2f3e8
956bbb5cddf47331700ebe85c69973df3d2f3a4a	176a9d064b1e95af94e24c9f581b6bcf5a886f2e
95767ba31e2a49aedc727dcd3557dd333481d1e0	73d544cba8e51c8d32256df4d7bbb8daeb2857e1
9589fdbb652900208be3c52115fcc7a33a0a0d35	c1ba9ce16dda8ed062ac51f93e195c505cda63c9
95a5e0b0c8d7f8fd6d51538e5167285eb7c9897a	01ff2c0f212a5f575a5bef3b83345a30c7b38bed
95c6ba0c0411b95a1b1c5f00ed25a9cf40390e92	7f549adccfcf31193c5a64442a314ce7dbc5149a
960527e4f74468322f88b2102ed4c840fce2f088	bd588f7cb2c37671839b3dec6162c2ed74735427
960bdfd7baca684a05876d07db290ce79bfb9132	1631684fd856b0607ff15946744d45b050a97480
96156e1e174ca7f00771b6cddddc526e1f49edb9	5304206fc5b95601ea6b266b0eaf9f2970701e31
965f267086298b0ab29a7dd388c576d950a8cf64	771c64c76563f3c4aec201fb8905ec9804c563cd
967c2423d1e177854541ff6589c4dd1ab86f51d9	5f1673983834827246fe5c7e7130d5b83e3a1a1e
969facb40f678fa9768434b1ed339634b016c5f7	590faec61ddab5d7c00282e631019ea193da2c00
96bfc3fd722ec58d2a56c5701afaa9dd0fc9a59e	32aed775b065e6fc39fdbd779381a9b4c78c4366
96db32ae9d96d9f7eaae5342e786d079cd86ee1d	d9500787a581af1ae3f3676b472980df26ac63ad
96e0a4ab1fdc237b2f5ade696672069c299e7ad8	27054ef0a94656094838672ece4dea13766cec52
971fe317d753aad43fbde955fcb45186bfde8231	472b202c07f28f884672428c54c551abe1bf1c05
972927d71a550e395ba961dfa2a1f7931f7c9361	a09157b97753711672e24bf74e7898f25e7f04f7
97456cd8d282e3fcfda26cbb012d33a90430b3f7	84a6033542430f5f97e990847e50e63c333df3a1
97afaf12ba5134618b846e0f2cf304acdb624c77	18f7446fa040349fff46abaf8c11650550a43796
97b7b84e32a1b647b81ed2f4bf279b75ccb03973	7be7469eb53a2f1b369874966174d6b615444d9c
97ed3a58775926ee0e5beefea5799ddd4c8c5a6f	fe26c3f4793a250faa3fbd467c6faf51d7592d94
98385f070e8bf9a0da4525edcdb03e9bc25422bb	4d10b9f54da159e80bdf403c4996fb3dd160bb80
984a793da829f5eb7ae7813d946a6184f2895b61	e11920c119f071d782180a13dd11411b72dd447a
98ad0ce4e8ec7364fa99e01ef7f004d22b01da5a	59e4b153c243706620a23cdbe39cd941d2f1b9f7
98e240faeb6cbe5e3a7ef8bfd77b8e1528d04509	b791b4c1b899c14c8571371aa0a1ea0ce3aed23d
98e89921821e73f7331e12bb4c5047619fb880a1	232b6a77939fb3ec234a94ca7925aa25f38a3d2d
991da74be47b479708f3d3ef1a5848bb9b326929	92cc99d7e3bdb3365903c1e69cea9484f3f9516d
99669a3d6629b7c6d759f0f1c0cc0d99fd6cde73	9fd66ef646234b9962352f0226b8b0d588da4ee7
99876d805be543502deb603140b70271430ef18c	491ad6d49c27b29665767fb6c524189f090d3769
9991168cb802972a562e2a5fcefefebf55721caf	c43f3cac528fd309e7244154ef57b3b6ea3d9c28
99942e0da738445c1aa292b072725a46f8af36fb	dc483f26a9026b92a3cdb08a45e691ae7ba517b7
99ffdea1032b5548e74925758069dc60ff218076	efa93ae40f106cbdd607403b4a5a3c450c60585b
9a48c79834a8dad7e991a2f61927fc3b1ed002e8	0a6e8934a624c55ed7fc62ccf8bea6fdf518c9dc
9a5b8f3ebfeb9299d77cc8e6f20a607abc795cf9	d24ec6a56c9a91f0a5854dd35befb45c91e83cc3
9a62a581b1cc903f5d8c5dcf8fd947a3f6cbd980	e6869916553a12f92675094c5927cc9fff55c479
9a8547af4134fec25519274e1f9156a63ead2148	fa75b14f1cd13e73b3867248d75f879bd6f8af3a
9a993a7ae78ce436edf136d2a16d847ab14edeee	a9af0db324d9469428eed8c0785e9f5a50c38e9c
9a9dc2b582fd99cfc2d656e524457686b30f319e	b14be98450985c4a158fab3075cc5d414ba672a8
9ae2e52431ca6948ba60bca0169bba7d7cde1d06	a29d672a76d291e55dd3b9dad494c5b0f03ab9be
9af2692db338c60c158b98c4920d4a62577456d3	a609bca82279c77dc965822a30050978074390d1
9af5698aadd3d3b8a878b818a87df178468cfab5	636e9e62f161953181512fea611a1e39a7c4e467
9aff1b66f3664089ed021c3a04e1cd9e911518d3	e83fcc08b7705192859365c06313424ecabcac41
9ba84c300a6231849137965676faa9821d850811	02e10ce04a3ff62e12832d38875eca6da3a90f03
9baae87b3660511d79ba4e8437cc89ea224b4e93	998fc6d4dc32064b7723d417412b913b43b83c52
9bb25b67db6dfd9a6a50109d2671bc21a6863456	d06c74653e9ab9f8d949fdb018df9ede5a48daa1
9bcf22e852cfe0439ae1a19d44592f7660edee5c	0c4381db1219e5295ce16030ef188991d10dcde4
9be2e8ce8d20f60ea81f80e467ba411038ea49e7	615da3018ca0f8ca56a95a71f3489608e10f6071
9c05f372990e16b9006341e58db4693989c6d8f1	9c1efb07f7a3b7dbb7c3505645179a3987dbc46c
9c0881309c5f3870304a39ddebf53ab5ffcef616	2e67dd6bf5fa9a0679031920d26bda814e878246
9c17d5c9d4e4084f4b15cd4bef0ba4f79fb657e0	fca168d27fad275c24eb2504c27d831c0382140e
9c6ff3f5fc18b607335eff264eb0a9c32028f474	e578d343c3b3443204a308054b05378e23c244e2
9c8fba51948c89411c986b0c83fb4c8c8005b1a4	4a4eddbccf78a68566a8e5a89855da911dcb4c0b
9c95326c9d3fe1f8cfb30024e7915da0b760f6f3	0d0897dd89bf47857f1c08bc99bd7e4ac51011dc
9c99b177ae0f4b60bd2c3a8ff03f16b9c251c1f9	c570add257a788b2efaa3ad601b60eb549e83e80
9c9fee6214e18b2bbda935dc0b01c0158c57cf76	5eb37c31125b5f7e94d8223f7c7a98bec62d1034
9ca314aae99032ac2df84e470348e7ad341cddb2	29d9990f82c4a4ac4f85460b5e4c925e019d3acc
9d141a7d5e9391578d2a79e9ee3e4159aba3c9e9	a29bf7950c11a95c8a87dbab0e7848676c0ea126
9d90e065764b4532c0187bce9be3cab373a178e6	07ecc1f6254950fcaa0235eaa290396f8a6784a8
9dc4207ddefbb8efccdc2f601eeec971f95797b6	4d4f17281414485d2044a42c994030f43505e9bb
9dfc549a50d7a2540547eac9715f6fc81cecb5d4	8b15bfa4b82f9ef34594a01bc9aff06255dbeda5
9e25c51f4ad44e317e85b450ed9ea66c633a47cd	1b32622694d72a64d61cc6864617fa4a86ff0671
9e4478ec571baab0e7c814c69adbc50d7286f6b0	967b69b10211c7e8cfde0e060dfad8937cdb5cff
9e76156e58f0c36a15e50a0aa97cd5945853d59d	c9c5cbfb5d642287af9eba0ceef816f0f3ede1d2
9e91bd8a9cc4dddd2f10b2c813b9793f17a34156	2d9841a9380ea760ae5f0724c0770880bed1a09b
9eb371a4f0513691d3234ee4e7e02bc9ec7ffbfa	14387981fc4209a9f7ef7cd0fa868f926f5ac752
9ec3916f82eee630454a88f0c0119bdbfb1c8ba2	5ec431636b75d6836bbf556a711a24753c4bf426
9ec6451a531151dbaaad14cf7f10ac125fe5aa73	ce5e897d418c13dfce718ae0b6d32553786ce6fe
9ed7738db5197725558058ad0d886fb55447f195	4b715dc027f89ba815cab5a6e95a1c905f2d22e5
9f0dfaea47162d4eb2c90e414d36cb7e58e166ea	0359a7f9e76ba7d3651c2c59445373b634650301
9f25adcfcc005299241aaed38105a261bc94428a	0e14ddbc0e1f6e221aec67d80719e705d3ba6e59
9f98c27b6f67b741a36b30068314a5e9b924e629	a85bb4b8b9c59d3c90689e25e0ea3bad805fc20a
9fcb9e711a4b6544c4b6e9549a8c110b290ee938	23f62d9b55bce182ad2ca47b652ed84d84356d5f
9fd0f95f06507a6e1c3f22924d6e7a30488db4a7	55201d3134d762c1b08e801c51f49ef4c36c16af
9fe3af52a0feea5397ccb381fc1eb71d8a3829bb	82445c77841b49e34d40bb2bc649b6d8a953901b
9feec1c3b8fd31839a4bb91235ef47f9228ae718	f2da423218b27743fce0ad5c72616dcc3ad4b67b
9ff984e2786310c17baa7f24e96a46dc6e3be915	86de0d962244c56e15e8228fdafdddd6e3ee10ff
a0158c4fbe061053f5b39ca2f6d4dbe30b0ae6fa	870bc9c52d1f49a880170acc2fd983829f6fe6ae
a024dde9d591c3781347e6db8e95e12e600dbb89	3dcbad73b5b450630d3cd4029b44dc133ca248a4
a05b2c5b1b213d93af107ce98aa96de9c32ff09f	9eb8ea5c5a3879ae231d692e4e0c59cf6e7f0321
a06f5297436e07c9383d744d23d5507f2c296462	089fc80427c0e6544af354785f25092e6a8b05bf
a0d2e4bc87b0fcf964f01d03bb985729d4655a87	1fa9ef79e069fbdae1db4d25983c7b84f5bff57c
a1232f376bd86ef504938f2edd64961ad826d327	9c8a4c39a30488dcd585cc75df2826f9d5d9d075
a14ab1f1a8b282abc6995bd8ef0e7a944cad6340	0ead93fb8bb31163f80ccac2eb9f8e4821d0dd4c
a1599a25c65081965126f58ebd483cb88207a547	1d6febf27f68c1006525d78c7c9c2715fa69655c
a16b10cda7eb2e87e67c9d9803bf3e5bc8277b3a	92022fd5ad3dade8e5a889c5396fb02cdaec9a5f
a198cccbde55071973e2b637e7e3ea56908f5d7d	41f4a9e6d2c2f7efa6a0f150dcf9df1a1c4d2ba0
a1b2052f242085f49e3bdc70f272dc45e585b8ab	6be3d16f2d4cdbcf17ec3903536b16ba9497f305
a20a857ef1ed78508e7f3098299a643675aa2bb6	3af1170dad096e1c4d1c82eca2b67166af8dd17c
a20ffd61d9609f6fc86ca1b2ec209a2c36a19dba	50941cdd16028989f19d39f123b89b3499ea5935
a24171cd69927ba32c699e1059ed8ff8e19aaeb9	702f7bda5eee8de92940de9c8a6065ddb39d596a
a279ad1bc0472fb4e47df466ab73ed9e0fa0a50a	c63ce83cb3337f47256fb8bc49e039faf9365d91
a2a8fcc68161fd13343fa36389b5601e3a073cdd	2a2f7489aebc0be3879c04dba4c382f0463d41a3
a32e159f5eb9d806e1a68d3c81f0c1eabca31047	4341a230a28b5bbec3644d7f048e1b252c952cf3
a33d96671c313208ebca288dd51dc5ceb71e2fad	492e0dd66247a981dd51180657496171b2ccd5d9
a342ffa99f739ef5b0a060df7f797409dc222a5d	0aa1c66687eb3bba77ce2c0ce0d18e22294b3e3c
a357fbad44b15c3d6c20ae1cbe210b4fe711b2b7	abe015f08d6208708ba3a3b932f55e89b5e59262
a365c0e66bff6638154fd4343de1933966675144	78d327f4599a27c0a6e7637d72e3b34777de6965
a36b18c989c1160cff7531535aa9427055ab3b31	583621bb0545e119fd3e5113cd50b455de7de40f
a384fff4549dc5aacb8447264daebadcf4d006e5	f04be80d3df684be2ff14b960b985fa0016fe673
a396daa07af3f03fafa1232a9e984153f355a8d5	c5b878362e915731a3ac8a295a0445206bf63c12
a3b06ed743b0f86cc396a1863a436cba0e1da471	5f91309e6a33f3ca24404c19e33a48ce05f53f76
a3b27ebd5f39d186b6c3396e6d706370202cd4da	6545b0c52fc9139f2586607fd33ff776971f7410
a3bef559e83e0af5d94dbd19c2b12760424dbabe	2a7ae943aa7bc7e2dc5f230afeee115423f2c387
a3e5ef3fa567a9ab80f675d16bd27043bde27ddf	783c2a35055ff185e8ef8410d21f2351afaf3f53
a3ea7007a7c8c4544e593194d000c8d7831cd037	7e586d272e811b51c715a9f7c66f99155fc22d8b
a421a39ba3f4cd1e8623d11c68a26968c7d30370	d6435b912ea67c3c0a9ea2a4f38d04e92c9020a7
a4320cd019e7f02b3787a95040d2048a3750e8dd	6f99d7521d3b3680d1338927e8bf445773d76773
a48ed6e1571d6f3b66e8dd9162e805a1baf0417e	178cf017e5ba5a6b61a11bc94ff6b532ec366e66
a4c32d80b9e78319f2175dbe9cc0ac6999cdf520	f53b909bf1bd390d521646514ffa87a08e797a37
a4c3676252e2a250f247bb1bc031d90deb4c7f88	1e7f1418ca6b052d05ed80eef7c8fc8a06ae3b1e
a4cfa89b5776207e71f5d7c41c403254878a1fee	b709b974365755c25b37c534c2228ae0f7644f84
a4fc497728491f40bdd5c9070d977f4581151301	ae84acab1c36d0f6e1da04853376a6d22ac571ae
a51941d12f25a1ed7725bbb10a109d83d100e753	4e350c22c65baccbe8ed28b23d76e32b4407b05f
a51db472958134b73a391443214cc40df16a8e43	597062550b3d103aef7aeb9e39cf552ae4006300
a52bfa83e606b8e840e760c52fc20aa5e310260b	971cbc5e8c28a5644c5a4eb138e02110bb18eb9c
a5400024f81f367148a2d696b9f54656fbe13338	48d5733f5587dd0c533017aa73a55e1e997cd346
a54feee3f47b053fc704a28f31ba08b4aab36acf	24ddb386fd60505d12d0ec97b8d9c5dde7268a90
a550d93382fb2be2a9b57c417fe99ced269250c2	297e517586c4681a94caef704943c8d65960d4b5
a5958157d8edea65d79ce873dfcca231ec23f79c	63778dcd15d3643f3005758482404e95bcea482b
a598a6ae3a2d3dff9d4e3b5318ac9b54dc716787	7e9eaf522038b4f747ca225112f4658e5c6fb9ab
a5a7dabbe0994e7eaecda7dcd871ac300d6579f2	a5a7987d364052399b6062f32f74a8cd9bb67cd3
a5eb1a920da7789bf56a91427fc72e9e53bbe647	f3308f3dc1a6459ea12a46b186e4f3a37f7df071
a6043e49a03e9a1ab65df6e2fd9d45c0a4d25133	fde1cdcf2b2f3251735ad6da8c5b736b776de9d8
a64da96aad5ee03e693fe77cf1c28a19c0a70cde	2ccbab990627729a7ac80bd790efff95fe93a05f
a6669573722172e349f351d8c7cfd938ca57cc06	0416cb2020e707f383f0bbb30bb16e3d2d6ca26d
a67d7875e3a9107ba210d8e89092fc632207dbc2	c61837cb47602e900241f2f56995fb139533b90b
a73081cae26b17e7df7f160ed4f2db34ea574308	f625270d8ef33dd774fde442c401bfbdeb1954f8
a78c212e8f307210bed17d7ab85010aeff9dfa5d	402d2673a5d875973980cd093915d685401cea7e
a7a620e18f0339e8f409df94fe3b94207740f071	dff2981f58073059a7d204c54e1fd22cb5d3a3c0
a7d5d0ad08ec822369f4a7cd10a0ef7512a202f8	81178f0b507b91ec2e86f7efd39a14b19d8f3808
a8015d55156f3a868f551ef3d7c1ee7dd472a469	eb739509f4c84bae9ca945c95a8ad50efc8d47a4
a8441bff86fd20e377c19d27d9fb7a0c8edac66e	7bde27b1aa5b8d19247769d3564f4b20ebffbb6e
a8480323a479767f3c9694434830f9234c724e3d	8adc22a2650d581c66753e6bd7b165d06a108e41
a859674ae1ec591963b7b7dff9c3d64e525751ac	934983cedc407d06a2a2ae6d9e5992c77e203573
a871549bf0c3cab2122e275c46b8eea3f168ab62	431b1d14e20fb03b537c8e8475a7eeb4fc25f426
a872610880f94a9fc28c027392fcbbc0a18292e3	34807b9f177856e1b5dc1dc0f631c8dbef4201ae
a89ec2cbca4010d5c9dc5fa52dd433bc40efba28	c86736bc26b0dcb9a9e61e75723d2a249b8e98e9
a8f7af0a6800fc61c23e087d8f9c9b1740dc5589	2e74c7cc725088754b2f3ade50f24519c1d0f7ae
a9164c4a54518d6a602355db1aeff654ed0a96c5	715cc1f3e88db4c7bd5738ea67a2303f9a77afa3
a94d8002f2447e0fcd0c36942dca264a78658755	5712e2a39936ae2ef4de080965fdcbaac4be740d
a95ef0b1a1c2d8576fc5d8afe4c3e75922a1d6d1	ab0264f2500c97f7df673e7c3caae81751d455c9
a9ac8e57cde7975e1844298703f9a17a7dd897d5	a2a63c0e192797cda93faa0803cbe6a4fbbac904
a9ca5059a8dbd8973656f106ac8c094fcbe3860b	d6bb7acf5516bb3270383b1daacfbbe6e6fc39e7
a9e6414d131bb6f37ce1e1ffec97a81b37a2e051	b8bba6072ab75e1b2039166b3e6a90c4d940bd72
aa4bf3332431f5ebabbb5511ce626bddbeffeb3b	c2e90d14dc187f6f2c7bf4169d509fabec61766e
aa970fe7fc941d49d0a766e01172efd4c07d7e68	5ef0756b80caa8cee35f738e0cf48f5e10d2335c
aaa01019d8fe790f40af13b53ea9877505a9cb09	032f1afd6506a1abcd3ecda4f3b561473ff8cd94
abc51d9d49c2af1845aa49879aae95e0f75c493e	cae7546939582f60e1ab650893ba5d3799e80ca2
abc7dc9d62d92bf5645ff69a8a509830bda85fe9	e5452a2f63683a10c0a1293b16d77192910d5ade
ac1e509deaf64b1b34db60e194d4b650b273946f	4a24b7c22fc8e669ef4606831730dc5d16490d18
ac51f3dbe7723b40291aabb689a918ac4a427996	bc6b7f4e8318b572e4a07d60453621d12d1d9986
acafd9ef8fe4851854ac2a48016ebdba215f5b6b	2e4ec437bc7243b9d5e0eb6d7ce0ba186640c0ce
ace88932a67aa689fc035b48e87f7dde67b3a426	ace23a26ea0b7a784780b624fee489542fdff464
ad1f66529ff5d23f103ef0e867e9fcaadfd700d8	5b40e495cee04675400e1aba05ba3e4419e531bf
ad22630250c39d0102fb5ee47a17e031e02167df	56bd2c987e0f947cc1ac87210b1fe9311a3e5dfd
ae4d6c22c6120df77f838e93591defa91a733523	87893f011d904d396e2c9927305e2c9989d274c4
ae5f05cc252b4d280408c7771c05e3122bde6201	ac2b6aed08eba42445ce00cb21e615091d86a297
ae734cbc8474b3cdf0f52e7473faa169d08dca2a	d007cd09a1ca93ac7600fa2d13e0f106cf75fcad
ae91f16bd466f00e003d064593ea53c4c2276999	463ac2eb260eb91a80cb1fc7314d961f7c6b2cfa
ae95f2878ccb7faff007326234d9a92a7731cdc0	34ddbb0cea215599305f45bace71b4b83c16a182
af2289160d2bd0c58e1454c6e2d704bf4cd92762	5955d1c6401510abad7b806bc833db70bc746270
af853dc9264bdd65dc1f703b7fe91939990ef463	b628f354e02d4d2888e55ffcbcfae12480f6ffcd
af87563f07e6b9fd30b8fe1ad0446be5c5ca9acd	132fe9d7edbfd7d4605e7e689cd09198c3ac5248
af9f5157762a9bcbc6a2234c53530b1810345673	3735da6f7e087d0ec280697e36a21f2b61edd856
b03ce8d8ff4941662e60b10650566856c4fd85c3	1d03409dd7dd4499ad6d249ba607afc423899164
b0658efe2692808f9a79cf9096e91fd7224d9d7c	23fa2d1373f60f20c11a8e2dfc54272f838b7e13
b0999568286f3fa68f17961059b4d1dfe343f3e6	e39a6c2ff1b4c7d6ef0866c6d20c274781346658
b0b67eb77d0678671b14c22cb5b16add3e7358a8	5c5450593ad96a99f635a1eb219caa2b731faae4
b0d5f59fb3fffff97f8fc5249d9563588b54d944	3009ca8fd9bc85335a4a1a8eca5cfe34471b88db
b1029e2f5542b56525d53365b040d874549d9fe7	d1c3ea0238a0d8850aec2f74dc2fc65d88d91344
b174e3b5c64bb3af05e1837d8651011cb8c7ab93	9efc64144632d7fd4ac92ad522463bc04eba8988
b17574233a721a80d1659c55378d6999e3adb469	6473cd57cf3b85b9bccf9e6221cbee25d834c06e
b1880e1d3265368db4280fcc1880871606e4d647	867e53d6d1e8c09b7eb265ff37b1a48b4410acc8
b18dfb0bb7a237cef2e368861f144614d7f37331	66a3e13aabd83ffcbb12414da94fd975b7d48dc6
b1967df72ae87280dd5d33a07412407769ebe3ad	ef2a6dfe130f57dcb4367b223eda921d5772dda2
b1ad881c37c86d1170519dca15dde1abf8a022c1	31dba0c3d33b28f011db0ebc459501bddd99b75d
b1c92700836e76c4f4ef6458721b095121e14a43	db3ef2beaf013d1eee9730f49e32b902c93a2dc7
b1d0e6c02f7ab9608745970ad06b2e6f3368b149	7d9af45e0d79b38d019bdd44f1aedec407d81c8b
b1de3b306135984e113d09531beff9ed6463a778	229425062e6629c70663e4290a313bc3c9289e90
b202d8ab28e05040360a7ce494e15063b5d47865	e20d44a1bfcccd4bcbdca451c14eb39f8e54dbd6
b21c8ca6291363c4cf52f347ea47e0bbe21e8274	7a9ca078fffdaa7c592b4231d0f1e32c2211049b
b23995e71b479ccba05370a9df8dbb6099259a0d	4a0757b76ccaa62d07537a1388ca06227c2e2573
b2658b6a7f9b4246d820f32b6208ab597ecd7056	85404627f832e6a6d0dbe90369fbe9a3d0998c55
b26aefb4e2926fd980084cc95df56d8c3ff6ed45	11f9591fd27a5a80068f4604c7dae36b7d844004
b26b408bdbf1949577d738e48701cbea12971f48	4848002a11344c59579ab683d2ad448cd713b696
b2906025e137a508124f5c0531e9e49677fb68e4	007597149af389bb1aba70508a72df7a6b9b4763
b29991dc913459e034b758271d9b79f8ae6c498e	fac9962e003f03079161a6a63c882b0b0e9d8902
b2b0216bf8f39fa77fdc21aaa54faafb11142fed	742cc5a7d8a83777dc0b08df2896f902994fdaee
b2d5bcd7134e8886f460c920455ca83d4f8b73aa	bff25993af3f09171909e69e44acec8c2efd0869
b2e98906a24c69b5b279dc0bbd2e9664ffac62ef	06e3cd1bca7e72016f77a50ef8ad8146fb6d57f0
b31d8c9eabda223e1e96efb9539fed8597a9b8c1	17e93ed248311a3fc4ab8cb0649eb79415324553
b31fa455910d365c5585d4f6c0e861d6887ba7b0	299371000752c647bbfa87c15de6439761e193df
b32a00cbb24678167a5bb2c9252618165b4476de	22b29ac44810f110d3a257813fda2bf5051a26d8
b3389b694fc3dcbbf7758343bc9cc1bba5175abc	b28b84dbab700b1234ede7dca7e1d97392822f6f
b3602a0e97d48f7fe63bf172e089a499a156cdd1	b685baf9a78778c138fa9b325f923402eefbad21
b37c1b45d7ffde8f96382a83069d5e431c80650c	89fc65776b77c4563a436e6504f3d43d0b747e68
b39d1f9a4c86105c8ee21d75baf312e724d8e43b	f9ac2e5209f6f456945d69b560d569fca82bd504
b3c060c7d1e9a2a3e874cbe9faba5649da15e014	fa17e35e96d0e5f936269a3ff292bfced1f16df6
b3c5f7624716896c085add70215336404188442a	d40ad039356d489fe8e416e0aff6125a2ce3131d
b3d0c58e80f15dbe1bb148793efe3fd164d91054	71d600fa19202adfdadceabc9f3713459ee7831d
b42090cc7e4ecc5dcfe7af1b202c000d8bf5480d	ca43d84fbf531c8a8bb5e7cedbdc11d1d5655f3c
b43288f8d385c102ce716d99af24183901005c35	e5aa150a8445949226a6a376484293560499061e
b43d19f1a4aae15ab05c46485ab2f7dd12494813	dd0086ce9f5d3923a745400ec5e0eb82850afebe
b47accac03b485279590838a4220c4634ecd8e71	f94ef9f4f06949e107cb0df8d692fafd93de3ac6
b49bda26369d132b1c9805bc74541c9da5229bda	e4fd5a271effdae17a55e9d13159907e561090b6
b4a41e0552ce0337aebedb28a1db1921243c9b0e	c13ea494d063184427e168c7309284cff22bc1ad
b4fa45cffa5a9f6ce4b9538981ebd4a867ed9473	90e6a650bb79d228f7f4fa14894313bf201fb99c
b50535b7bb0ea7695ad36ec5e3bdfd41707ce861	91c9eaadc9e16d42a83c1d74d7b99b36556da55a
b52313165a12701d6cfb160e9841664c5c9e0b59	ecd62888948cd0b6fa2ea412da8e6cd354539784
b52f57d546d3eabeb61c64a72754c380d82d2726	c8b3018fe33f9cbe4725a5627a72fa8cf7877f39
b55267b12c1e1bcf0976886c3042cf379d0fa343	0d778e5733453b09fadc298b25ee1eb51cc64d24
b59592333ec316c01f39d9d710889fa54a4c572d	dd329426fa9dd4b7e965a8eeb8449c2a6a7a4e72
b5be9aba3abf5f09ece7a622c22319bf6f970d62	1fe3ae7171f7fc47ab43eba3c575bb227780ae2a
b621f3c97416b61d2b7970a5c2b4ab9f5a7d9752	aeeb5b6d4a84965e551f6dfe7d25b2314ffaf27b
b6380fbf912914fbf5a59bc1793bd46cf97d4202	edf789fd0ca22c9b00ff38b4f740fe7a01e9630a
b662dcf9bd3401eafd2a5bb64a7c9c9fd63667bd	fa02ab74bbd72d91d7b49cd23bd3de1da5a3fce3
b667224c3d1d82976747edda9fff159695fd4d9b	73b83ecb9c095ef8bc12fd1ac2f5a66a8b57b7e3
b6b8657c9e8d01700a2c9dd73a7183386d705d43	f064c6bbc4c74ca12e1938e9a20e161978f21843
b701107fb20d45078fbd26e5d4d7744adea81c31	d92e3990a50c3eec17a6c81b004c956a9868b3ef
b72dedc4127e09b868ba59b720ec2fb7a4c6f2bb	b055d07086e1f5d755c5311b1755e04fab768133
b763bc0a7812ad6135e1a9b8c2cc076af6de760f	6285704600937395bd01d6d4b61c9025204b9ec8
b7aa8529b3868c75dc72cf5480a31b5619d7fbf1	541010364820149f25b78d7b842e6d2e1cda71b3
b7bf3967f30d8a727ad34315f14e1b3514a12f11	78cd17b4ac95b55a38ee3c4de9c21d934727af7e
b7c3bf2a5b3c3fd9fce307f2fdc84d82863174bf	98ca0acae047e0171b07f8141838c1176f903686
b7ea1da608e64f1172f00512ea10cd8f3bd99e04	63679a6c1446c83069f0924cc29b3d8088c11ebc
b8338191b92c2d53434333051173f461bb06b250	5aef2885e3871bdfdae9b729a5b92eb63676b1e6
b8381a9d6441dfc060a25eccd13fa3efaaab9627	0c34feda4fc62f2d1a3ef386a770b12fd5ca1b70
b855a981b1bd301386396a667cc0d7ba1a71bba6	8dc465697a48a728f32025a3a2e396cf2b7e4db4
b880bca4a890a6166adf1f21f28836e934f89866	a6f657866d8a6bbc1a7c9a8e9a087fa19b830e0a
b89329483e7f1c51b9f600c2aa5980485ee112d6	8f9b76593579b65817f56c8792307d379d6ccae3
b89fe74522dc30cf43de682c84353bca3a410deb	67492481bbf79195c2b86149a5e1d7e6006e79db
b8e929d36c443ef903264b0d83b8a444861fb973	41236401b0750ff70836d3c1c24d090d4c9b3d3e
b8ee8a8cc70973d7bb50bf7de5c8c889683c3817	11be4207ddccd1f00028bc97abf400208d68fd75
b8f80d882ecb8913de2441e6df32c5f5462d1ac9	3f84ba1e4cc80adae6a017abd4d802a85dfd1620
b9213b6822c79c6a015b0c036da22f43b742c132	93a3084dfd739122d77663f1fe67545f9ceea7d9
b936b178d7129fa14a751e0456b92a5714e7b138	f5850c6830c2f3be2c6ad36a679bc600071e7b20
b958dd34de58a3e4f876ea3bfb0f054ee17e4a88	79b41772e686bebfef8dd9e24f76647d6d5e7b00
b9a06c521044451275fbefdc86854c7abd65e468	5d45545a60e84a5480af2a91d53215e3a2dca8ab
b9ac6df0d14ba1c356e46255b79a39ac1ef0bce7	2385700f2f7c6e590a5bd69fcd545ac5e0c9a93e
b9dbf2cc1e6d8a6b60f3bf9f52b832fbd23c394e	5d595bda02b5e4f9fd0d6282461b790993016ad1
ba0ab3f54ef9bda8625135ba75195c735ad17bb6	ec21f37ba43dc0b407c15261d38a724f2ff75865
ba35910418e0f65cef66d515251a665989e3ea19	c32610550b6d7ee7d47ba6f02ac93b76c79459a7
ba9772594b1139b3c38403a091628efe43579eb6	d52c1de51c68446ac540d879dcf245d411cfa794
ba9eed99d56de41365f3f018b9a95e413142ab8b	5c6b5e7e1e3e48fdc72863d4cc8b48549a17d75a
babdc9319587b2c995cc051ef46280d330a960bc	cc908cd90aba5f0a8fd9fd6ac970bcf53fa564a5
baf4d54cde34b55d9dc86d53920ae8088cf1c1fc	27b3a99385b64f0fd1b885df6e2190ff31ec4997
bb0ff36a5f62c79cda8d850450d039a9290cdba4	49feba071aafa1ad330584c7c309e4c1ae8d1bca
bb42e9f79b1c9bb4e8503d855d553a3c51a316e2	6d1aa0a6ef294fe2498abc2c483b50e997227344
bb9b8d60dfad51b373922cad98af381fc6c7fd7d	d5ccc57487b3fa9370a1899695487f91d8697b7e
bbbb63679794345ed9e6155e67d0423667bfbf26	ad667e25d7fdaa13edc48f8834f0c2690e1f6f99
bbbd9d3e3f888c8d74f5c752efb8d549b40649b9	9acccad5a1ac571c4f4355e59f355a8a63b1a0e1
bbc6d39061a399709dd21218285f30b01a01f3d3	77c3055456793ccd7f921391dc91159469d67699
bbe0e0d0632dcb81ea5aff1e3223c572a9f5a92e	b8b6c7ca80e48a39f23db57f4f668fa8dfbe6b7c
bbe31079ac2f62578289c35df22cbc312f80c064	9e075cf9b2c6b342181f49a4159c665df009d4d0
bbfc732e5ba9e886376a2c8e153ca30db1820c58	6996a8ef490c2b279fca17a8eb14c1b53b07278e
bc159cace4a7b2dfbda7fe8da479e92a9bf292eb	461c0eb4d4a72d1f5db88bbd7619a4396e0b43e4
bc2b56036436d011fd0fa4abd4eaf02a15f7d64b	84ccb5c0ab4132e952c0e3c8cb25232ce0e26cb5
bc61e8e9419256070968d8ce90cc5d1ce6db0c10	4e147c475d0023d30cb2d351adfbd2559366afe1
bc676a4d3fde03d2b0f58924243a66fe31eb5e21	f79a9a09cecfcd554a2abeddc23bf69eca570349
bc6bc717d14e311a47f42b2187b505b870e49a51	9d17b2947baccc0dc12cf52bb4516613cbb9a648
bc9fe7cfa38ceb3d35557c52da55afdc92a536a7	3e99b850ae40b6aebb93d85b076e4eb3a1e13af5
bcdf4fc9fad603ee997db0fc4dc3e0787fce99b7	f599ee9eacc2153688301afbedc78fc76cf2a6e0
bd099e1f248bcc58da04f508e24f08376d7c2435	567448889524fe6388f208c6992e5de63e1ad6b4
bd0f0c51773c43c974da57b4a7d3c652776342fa	852786fa465ce5cff6d1de7ac570550e116c2837
bd3b62aad58f08239f0f76028f5f85942b0a93fb	838efb6d3669fc8d3f767a78046b663c3a4cd90b
bd7651b8f90d1a087d3b8f76d37bab2354090ea5	0b30f342cf42274f7614dae7a774f583d6af5e1b
bda3074b72b8756cc30aec27e11890045b6625ac	745c8e409174ac6d70cda9b9a3ba194a1672a8cd
bdc545d148357fc1a90002312e25a234d678b6d8	8b67602b3bf4f3c779f96a4ad7696b63befab056
bdc9e23ea5f186012540b6d21ef277f1396eb300	a71a72c30b9e177eb4305af0d0441dc814137b31
be3cee555f89e9ab20c38d55b5ef677ac04d8aca	3a0ee45759646fb531cc3af43597d510d0caa60c
be552194373917d388047808ac006db4b0dea167	5dfb258576603a708e10e1ac4c9c9090718e4197
be8a6fe7b1cb08d481707a5122a2aaad7d2d039f	99124d77b10e4ed1617df455a346899e58b7c759
beaa4bb84ebe5ef3e898fbe25ff7e050fd8d1139	7d5a0b4e43198e62727bbba23702435ca3fa789f
becc0ecf9c05066a526de44d1bb39e7e0803a9a7	0851e51e5c8f360319b8ccf3601e225ecf041d1b
bee5bfa430e24e4b0324cff547672926fd1690d2	f43d989979337c7240175c348b6ee418ab4faf69
befe349369f563b43fc303bd7fe9c688533d4301	55486197dcc9e905fa4d6b8e1444815fe181f830
bf1f56a5ab73d50531110e9f2406087241d5f41a	3633ca8d6f1236fff3eb2337450da4b480d0b073
bf3283963d26d683ab77900b4eb419683fdc943f	a00cf93e792d36da1c52bbb1a168b48ab32a4c85
bf631132ef314f3d05403abb61658fe366be0ee3	6410831708709df3da393faad11570651b79eaf4
bf66e585f3264aea405ad9a4fa6394eb71e5efe4	f8089f3fb5d9fd9211c67f5c1857d2eb7e92924b
bf7670fb10fa50ea11381756842d9896cc5af465	12899d23d7f6c2c9d9b0959cf0e27d65efc6843a
bf7fc030fe4b3854f71c2f79059251945137be4c	809ffde6e50132af394f23350b574608dc7cd72a
bfcc941d2671ce8ec0929713821537ef9e0ec5f5	3993690451f08d16eb956dafd7adb5625fbd8127
bff7ffb5c6290f4a5643f9de7dcfd242bc19e540	52115804a6e7141096e8d7686c9ba8111da9d530
c008de3a485d67b01252f1acca970d404a6346cb	3ccb563998137edb669d89790d42161754c9d952
c02685b30f7323617df37157cbb721fa57d652a7	db478934cfadb16d88444a8e3c3c33c0799c45c9
c05af1b62115d1dc7e4ca0d035710d669475c4e5	e2353d394774d02512bace34b8e208a8f5c27f2e
c073ee47748765e8c3079f05a75c78529cf7e8e1	6926f199020d4897261d2f0c502552dc90227e87
c08d6109db7901595827dadf037b4a04790351f1	851784e1ffb0e80a6ec8fa033e0fc837d90ae66d
c0e95aa62d63fd31ee56ef7e1cea1f605492357e	5088d6a2c139bd11d08d3ba227cb1d984ae06f2e
c102db9442a13724fac71e36bccf49c1897ffe32	c5b53670dc122eb66aa35ae5cf5b53488937400e
c10863e1110c5ce7c3b5e4944284dd21e7a527f5	5f87b34a75222195939e3bf56d996066bf6ab3c1
c1171faaeba5a69835fe0bb31a982ad1e7a03f39	0627da7f366bffc3e494ec05254bc14da98e97f3
c1243d2ba54edacd2c4633bc121640afde93aabf	d4acbc8274031e680f76eb790f4f878fe28c3ee5
c1356c871ed35115258db74ce64ae60edf4069dc	2a0c3c8647c2f39865cdefcddc592dc52ff5bf21
c1382b89e68eec1065dce1db384a5bce9dc2dd8a	5bb39b49832343252a3e185dfe849db3468e67d2
c1552b71b21fcfd4f4d4c29e1edabd421805ccdb	eca7613d96fbff416271f18ed4a2604692fab924
c1ab7289a7f7011a8302d313fb7fe91f558a1f57	8f4fa0b4ba0b5425274d83c07874073cc69714d6
c1c769e9e4e218d8b69f90a398594c141d93594f	3851185c8e811efc45f4fb45ffd53f253ee4bea5
c1fada9a62b1d5250c3dea7ed211ef72ceba39f9	3b8c45a7bb18f2b604d63d5d25a14cd659ec811b
c21a73380e827c0d3108de8978a843aef0a11f78	895d2eb604711a8befe3b585cc3c5a96463a098a
c22567c9c8088fabcd13c9968b893d597480cb30	eea1f5a77701b909647b81aa5a39d14261925b16
c2404727169cfee22e98424875efc93b66968e17	d230572304de754e2eda8b582b5045a5d44b0375
c263c2a7d36a3fc309163ce1623bf728ddf5cea7	889e2983163c23937d9a6b0c434cd25a15113f89
c26e5556110743b4e6b8c0fd5bca547b86f3809a	0a107d763109ee2ad35dc7777d54abb7282a5f0b
c2702090bda5902d8f0fd40e346359133bc23292	db0d37949b7034d0bef0c9fb43f7d763def5c1dc
c2846c148bcddfce67c9b19adc36e9207f968d84	09f47ea1bbf6e90a232471e6477c5f8ffcca1172
c2897a7cac2a241694012185f02e3ebfe4ed341c	7a8eaab704c28d1592e445990dab87ac4d42c3cb
c2a24cf858b2d424a20f8c4d0b2fb0401a7a170e	fafcaa24bda95810f791d330a10ad152de72ee64
c2d2ad40c00cfce2596673ae96b09fad725eddb3	bdac3e030aabf375b0df825718366aa8a78cca99
c34427a499083160d65cea513664b7ef7aff47a7	7d26bea238eae9eaed1763ae730a4e3ace9c455e
c35a7eb4ac9a2d2090b8214e1231cf17a724a930	2a2918439a8c471a2cc8e13a8ffd1c1565868750
c38c0a149c5f71bafe7b4479528d1265edc1a981	064b1785362d0c0bd370c3244ce172ed841d348a
c3ae26ed0da8bbc4c4a97f6c67b3268ee204b68b	9266c0d8dda81ce17be18a8a71b6545214bb6e6a
c3b6610c48d5b6df06b2f1c2607c99780e89eb69	e17793cd5019381934a33df7482a556af187ec13
c3cde196346eb02b1b02e261d40dee21be6cf523	ce9da8af4996071750ff28e047fc1b132fee96b0
c41ba0c67ce1fc5a2ed7d6c9281d482c68ba4e33	9db13e6802403c4f03e165dddc2e666dbc57a65a
c41ced6ede5ca67fc0f3b79c91c0b1307e24e9a3	b3d80946e8aae10b8617177dde9932463dbcd2cc
c46d10a8977337213fedab6c2a30d289dbd1fc03	70f285c9d1f39854b2aaa4c74f24108d9d6ef8fe
c4918c23542b5dadb2af4e21f3807ca98d1e86ae	e6f00c673cdc6eaa739264ab14c2e0615b1ab2be
c4b202a8c193968fe5829ee0de43034c6726af42	1172c569957ef8bdf23c9389668cb61e28b40f21
c521ce1f39d5dce37491cbefd093b8b6f16194e3	1bd962e0ec2f9f0ab59f3c39c84c9e45184f5895
c57f259ca163bbdc1a545c25927cb40d3ad68013	96a924206993f8d9eda6d71078f772f8f410d0b2
c5c652cbec8f64aaf8a974034f82302f332f2bfa	684718e335b3a3ce914a74f46c86cb2c97368d5d
c5caa64ebbeff077aff0fec8f25a5081153b47e5	d797c389352c7a432f112e2189dccf036f356968
c5ebbc3f5bdb863511ee0a94d79f3a81a06760c0	6ddc90d4fc85f1608bc5ed0353c161371b93e57c
c5f1eeb079e693110280412e129379c7049c9d76	9e6a1707a2fc84f6d7d79d1aff8626857df7aa73
c61138703a10ec1645eb8098a90ea8fdc9e7ef0c	a7ee25388072e4eef083a7afd023634374693db6
c636ce193d9febe422c0eca3af69b7e369646ada	46164029e2067aebc53d68193b7e9a118cf82a1f
c66654fb3cc18946c31e56af414eac6d72e20505	53777d372c59f73f0b941e0da0aac69696dd1555
c6974c3267978399c6b4cfe879a04d0653904935	5b3e2e5dd3a505200cb8a4516b279e78393cd0eb
c6bb96aeb94b93d69c1c624ecb38060523f28ea2	d29d3fe9e18c202ab70d70ae21d612b6f01cc729
c6fc5ad34423a0ae41368de7f992e9504702c559	997f512de5541d025caafef961778fb8281693b8
c72a8a1cff827dc19f79afe9b2862f8a712e6899	c7eb9603d45ddf7488aa0425c149cd979f34d00a
c72ebf5b412dcfabdfac3fd5f783e45c36d2be44	2da5606a39d7f888fb5a385a85e4e4f2c6b8f244
c786a045ec204289d20f5dbd7833b63a3079e3e9	8c09802ed6fcc04f9ad57ae88a313afa799158a5
c79a21ec9bcca73c8ca6753f1160d42aa9a13f81	ef9be661d97ec77239b9bb450c7e83c372f8f41f
c7aca10ef3164433c16868af35cf0434ccedfd92	ad4d3949f1b1b1a99173bed1be0907800a7b9487
c7d0cfa36850adb44feb7cf3d4d790fd8965ae53	04e23e2d186fc2ed7451ab32d6ed86d1b9ec910f
c7e01b7a401b6684d19b884d3018c6b7346c5ef3	7d33297090492cd52b32da3e1c39e0185b7f6319
c7f37cc04583197ebd3e0f60387681cb562e458c	65d9f190e55aa515f16cb482e65dcdb0b9fdce6f
c81143470c4ec747f69311719618d500fe758452	aae617c94b373e2fffae3ced4ab0008442ee5701
c816de2045b924811e0d5b1b272a89b05ff5ebe9	dfb5a213690db561ea835cde4cc39ca3b9ddc3ee
c837a51c15953dd362ddf56dd764c1bc75299d2e	d5e901d4e5a41cba0a4115a5a6ff5fe760c53227
c8616a64655ed43eca57bb1a2f22e655e208c77f	08501101b1ea10d4f79fdb8235461cb3ba33467c
c87810c32b1ae9bf78ba8543c9c73834c547e3f9	eee1609957846ac090a1824c6da7a743f38e282f
c893a5741404998a231cd118f29dab92c1c261db	ddbca2ba5cc1ffc62e4421936d569c8044196f0a
c8a5430ef66293d4446219206a773204a777e4c3	1d72e4b451a7e7c1e477983ce60286f22115ebef
c8b4bc3715ffc5fc1767876bd2d4de3a1382e15c	7c99550d55854f3b89fd620faed7676d584bb636
c8c24d101611810775c909d61170111c7abeba95	f892ca625aed60a77c6c3149afd4e558c0b019ea
c8d5ae58fcde5a427c07bc91bf5da6cbe214af24	7a240f04b28fc73851351a8dd0862f643e51b340
c9146e95fe36c005b0a7ab3eff8f282534b3b556	59b42a8cfb524d2ba25ba4881cc741daebe7d840
c999adfe3080b740adae19a3421f13d1e7db7553	abd58045bada73ab5e26aa018bbc162f3712aa89
c9b2db03bee7a49488e373c79f48429351eea559	073cad76b3de3afbac26d0ea175556fa7a3b00ef
c9e0aa2e2861deab012276183b13291d8c225dd8	5421cfe2253ce3fe8d3fdae5ea987cf4cc3d6035
c9e6f2de1386ec38e85ab28bf41274412b846764	80870b5b391b43fbdcd68ff6974b95202f52f7de
ca2b9a07bcdf7d32fed3a8e516b820113a774272	70499cdc234ddbdf16a0c5964283eae3c1b6abfc
ca4765cff3581444d2b42b8bfbefa26d440ccf1e	8fa522bfcfd661fe229125393f30e2b0aabbb43a
ca6268aea76ef3c0429befc638b412d39bd3a3c5	d8d12ae311ef4e29ca62fe07bf1cc48a0470e37d
ca9fb795d0013b7f17a9715a138e6ea9251de51f	d61add750eb3a33252ebe17b6a7a6b82e258c8cb
cac182e092e034be0a9c4545d780872f06cbdb0e	be92fd2fa0610428be704d58548b0315edb6cd97
cad2f9872963ac4863d23724ad5f0b6ee4592fe7	31f0cd7824ee5dacf855b873ced76415a731a2e2
caf62609fc90486811ea09aef51e6976c59de509	88df0db85e9f362f38ed1e942dda5a5424225570
cb12abe2b39b681b3fb495fbd51e082320e44a70	f87d399d86098f2f3a917b9041af4c372b1a7263
cb1bd748756b0589f032c543fb7a12e449635429	7b25e2118c73f88c87ce8006fc4053dc3724e3b0
cb44d9f98e2edd389cf009999aee5564721ef9d8	9b4ca5f2683ac8c37ee8ec76e815bc3f3d6c1df6
cb7147d018c089a4a4c94bdf98cb50e931d22ce1	09cc673866bb640fd4ef0730b20db19a05270f79
cb8ad4858ee1666fe42065b58f8bf84a3a25ab3f	489d4374d5dcdc9a6db8366f3d210993a5ba898a
cba54fbf392105eb622286c525e1ac958c757a19	35fb91c87a99fe1fa0948e1b424589328d984d24
cbae28ae24488cbc1e1aec2f4563e7bfbe64c8b3	10345422468792f6742dd0c3686229e3f4483ccf
cc469e1f9f3f0bc8af5aabc3380cbc733d3dde54	f6a17c613121b32835bea63aa4de49f3ea934b62
cc4fa6377e99f87b95bfd3c15115ae8eb90e53f5	c2a2fd1465a971c4712d857fc49338e001834af3
cc74dbbfd577bdc816e15667e759286985f28e69	cac6c1541e358d7c367efe7b323d533db3462bd4
cc885b2817d12c1401397aed94203922297e4c01	05e90555e165f38ff173fad95b071f63c84de96b
ccacf9e267cc719c30487145a385a3121cbda4f1	5dcab073a2d9dd1661862e229e2267d3764653f7
cce4b3561632fbc22d12a53299afcfbf5736a96f	76be94bed992752e28c2dd1ae7ff6031f1fd4ae2
ccfdf14ba8c537ba6f89bbb647f6058a1e8d9365	0316d695793b72af437c92630007104792cd739c
cd0e9988f3593bcad61afc4e8241c8b8c38e0d7f	7a35552ed6585a013e6ff73cfeb6afe4b3d382c6
cd36657fa7d17dc286a5270e5ef56c76dbdf187d	01817131a201af40f36ffefb92020a653fa71544
cda9756d84b34583f469ffa6f9083b9b3a5fd2a5	240dbd2fd7445e085788c3d6f1ede44e6d0942ef
cdb9d73570e1937e6780a5ecf91fdd7a20f16a46	5dd233e27d41e26c709ed233356a2d2dbcf14522
cdc6bce254300fffc5338e3e0829fcf27f33cd7b	7149d9652a250abbdbef5689e18d23a03105c271
cdcb863d7c75cdd7258c8f5001154272df7460c0	ba585f0fec319b032685016c3ff9f8114f469efe
cdec081d21c37614a57af8007879a732bb3e3a90	d224b0df46eb51bf704d88c42888621bc1a7640b
cdef51126776a509272ae57682d9e9817464468b	048848d715b21d7ef3f85f75d698f58fa31611ad
ce374eaac972e23d4d5cd5d7c9d8bc9462024d33	1579752cab9365efebfbfe6a563019a94330a511
ce43f1cc4f4f84e8197367602cd58a9a1f4b15a9	406011446eff6b50e44aea18eb82b1a15f8b2fab
ce5dce1f545389a4227d1c52f6577d9e06c0a127	9b49cab344fcafd9f7a79bf9f6beab2792170bf0
ce6847e8298741a818f80601552b072e9b26f128	92eff40ab1c31ab91d2435933f64d68034025178
ce7ef0c057bda8fbb05c2a0ab639d690ce9f4390	1060edb89530c0023293cdc8941daeedaafb0b32
ce939a2134fbda7bf80fe711dcedae0a73951cc4	d1e8e2a79350cbfc58ac52b1362952ade70b608c
cec8c073db7a43d3f8e1746e4c99219b257d8777	0eefdba9624c1c78971d113a1916db6ac127cd56
ced9b956738728974470bdba59a92a06652d8c01	7f0cece14f5bc855318b44234f96a1bc597ea5c1
ceea5ac5390f6fac8c46376858427753c9cebced	f673fd258d74733434b38d13891e9b417f81ced0
cf03c2883a1dc21f96499b7873ef97d56b823db8	c3a5631941428d4d696414896cb4b58310f80c7b
cf0dff391b5cc68127256442542725cc8622a048	1224d79cd3cd33ad72c0b9040932e97a84e21349
cf333e69d6d11fbb8a8596a0aa082fa3b7dca1d6	bdbc94f3d97f71d7aed7e8314bfcb4f78579922d
cf7973c31df84b475f689614178a6504c8a4c847	fce7dfb1b8d426670101574226d5233816fb86ba
cf7ea5c0b97464c6ef88347f87e5019dee66f538	723db48ff4d2d779e980d265439f51c54d356bb1
cfb77f4a41affc881b31aa5bd023da2bf4975190	e205e018cf9dd89e57da40906e91ae2e1a5537f5
cfdfca04760369a9457ea09b4085ab63588398c1	4c552eecb93964c63f62125d3fa2fd242e30dd77
d0ba8d8f4efa05c80427e688f4b63bca2f6d73c1	46a5f2c88816be5c650f200077ec466b9c54012d
d112bae9269d8c6ea2f9c92fd801b8a1b563b97f	e5d84bb0616296784c1d453bd3bae3df0f7f1174
d1277fba5083522afd207a6acd18fd72565614cc	db7528049a497cf74dfd5c0cdebf9ce28087209e
d14d9203d9f84d5f7d38cdec6c2908a10b88b0fa	9cd8daa3bf95014da7ca791d6bb3c4677579f5be
d162209bc0c01f0466f410281ce160ada9cf1db3	690910aa7911485a055a255f65a4a748a7742c40
d17c6f6a4a246dac165b951800597340cb2bacc7	a9dd19f20e117554a07569df85a7271718a7d1ca
d19b1ac1b299423b41c9ffa8c61b4bf8067e27d4	0f42e401e579dd1c8c4cc0ee675d7315647e2007
d19df6141d2bc8376e78405acd856c5faf982741	6c7f274806b9f395560eb710e269c3c43d0ee8ba
d1b23abc2bee1d3d0eecd2130b89a4b174716f4b	e892f286ac4d6f0169e077b80a10d67a5255b944
d1b97956861428a35479ef25e12cf5d96c4204bf	bd5392f3434898b2655d9b2680bed593d84a9ca2
d1da7d0db5603e781b6a520874e9860a1ebd9d6f	86323a1ac00b727f5939d980574b0531f8abce22
d1e05c0ff82aebcb9d3135aff99c4f80bf403cde	f71ab2cffa7904966bb3c8118ec64387fd498eda
d212d960808780d751dea96428a9d3dd0bc68d1b	8577f2e5cb909a3ebfaba567a22592d7d8073e2d
d225b53105ec9d1e0e670c0d4154375ef73a89df	c14e3b70d1766562f93de46fa2d31679a1e43b8a
d23d37a4c7675a2d5a51576ac50dbcd03b7426aa	79e12d73c9ce4a0c9865764819557b5550f804ee
d290c01ebc59e9ec17c90ec47e364c3ae730fb02	91dcca2fcc24aa07c900eae80cab2c165d9d1f2a
d2a08334225126e6d20af06f9452e839652aeb8b	45ab130e1c962175147063b2d7a2330e759f4ddf
d2a5c269f075c5bc132155c29674c65286b2a57a	9936242aaee26738c2144df9f6805995331eb7a1
d2bb3adf476a118f22f4a0cb8b69ec6d59111ab0	b7e959a04de1fe891dd26237145b82dddaf57502
d2dc3e088a63312396706dbeff396cac7c790f94	b02c864e5f985316d7039bf90bc3a949b6dfc499
d2ff3b121c89e1ccade90b425b44c937d66882ab	a11b8dc7f8a123400e29a09afbfc455f99e7f6a9
d31be75bfbc56e2a6f23276693a8dadc650bf58b	161b270934204afb97d12378d6a820d921642dd1
d31e361f7d6eb93ad4fba3cfd2b5068bc4bb08b5	0fee569533cb3416831f4bfb8a9b513d02f58290
d32647156a047a08df260c416c2f9fab53e48967	521107b908e191544bd473cf097550bf69a07c75
d34e3699ffd63df6fdc1efd70007a944560e0495	5d0bdf4f9f09e676bf2d04ccc10c74450e9400c2
d35891131106e6590a4a23e829af61d58686baae	1fcdf153efbbffb7aa1bb239c364b5ba74042057
d38e92be9dd1dcf5c247184e1f7a1a55bfaeb9a3	57df371d121a5012c16d677225af0b730ab2f010
d3d2ab490b80aeb49cd0325ee28a848563b987b7	9c991c5998c551d81cf5f029f43e7d1d6620fcce
d3dbb940215265750ef4db1febb6ca216195c8ac	b4009dc79975a4f6f7ac702f5e3ecf1396460bec
d43b2975f079de2be0ef806fe4e6152b63ae6381	5d872e04c444def956ed44351819b94a9138d817
d457b83ed543fadc628d7a73d3f373396b1b6adc	270d5e58cbf912e74553ce16945514c75c834158
d463baaafccbf39881d9c1ad3ce726e94eff4fc7	533521846dc614ad4c7c3d48b7379a4c9f3013ee
d4662719b57fb240faf1c7b57a133ed1a4e30c49	39f040677d214aedae13642b648561b23ed1ef65
d46810d99f5352426e56b3c21ae4400f090d4fcb	f93afefbb922f4fae2e17adf1f3347b8324fa132
d48928f4dc15aef59c8ffa1f13e8eaef83be9b56	e34318e3d48e9c45f4a8a40c96ef13afd5f52a21
d4b46ac9d94c97a1d2a11113c0a6ccc3ec602c4d	a941091337029cc75bca63d7baaf0071a797625d
d4cdfb7ab9be2f621b9172860b32fd2a822b6a35	ffce19b38fde2826fdd80e57ffbd25c6e9af554e
d5112867ac92436ad81d174fd20a935a662696db	b2263dbab1645bb5fdcd9761a421fdcc0af6241b
d5398b4605c233ddbecbc7f8d5749bd65f573ba2	c6676ef85e33dcd57dfd2b5987e4a603fdde7d05
d55fbecf6622da1da2d63694766ba0287ef410b7	a2c86fb21fce3bf4e1044d50ceb5253278dce1a5
d5bcbad972c135354d816c8a9175696d56274690	a74d1e04f8d8540d28759ed8933ea7a86dda8f24
d5c8c98c73935d7b26452eaa8b5c4aaf641c3db5	701d9aab0d9645623a055d0fb75b668ebb0597bd
d60fc215bb3602a0346afbffa8be2b0374b49110	6d3d1f6322f8e248324aaabf0ec91c9b71b47a42
d6cf8a9afbc1e6526d8a2a343c01d7fe58608b09	5618f960d2f02dcafd5fa6136e42978073bf2a52
d6ffee49ac16a58b4e4861f4a5aaeeb7dcb2244d	779517e32356910cafa3f83fca191a0afaca5efa
d70e02983c7aaa2ed8a118d86d990854da71ebc7	a1352fafeee4b298d608d00ee1c632c5fe657df1
d739d5225029d40749150ad4f2d5e1c1c6f1c0c4	8fdb56d3496bbedecc307831afbc771959dd43ab
d73f3b4250e8deea7c165b26b88e17fad0076a83	906ddb3c2859ada01412a93624e94ae19b06b8bd
d764dc0d48aa50948cbf07e0eed04da89ad8c592	bbd11804ac511b49be77ad8cec85ca9f2f3ebf93
d7c2b870ebbb10bd9eb4889e4adf7beea9754c5e	1e042f0c1b0586f9719c1e26136747804e3b70b0
d7de28c8c73bd7cc9a34440e4035c2c09f09d273	29163bd6b039742b3a7eb7776314494f3e86f989
d8355aebf74b6fd71e11e2a75f5cd04a755402fe	9fd866381261f5c1e768e3e8fe74e98533a739d9
d8521b44cf148c1f6d700067726c1b4e40a0ac27	5a8809390d21f723cd997bb6154fab461b9cf78f
d87f67115b3b818a96ace2732aac835dec1ada65	2569fc21c6543a9474ed35ec7e0697b701bd5271
d8847ea730916c51afd56332152a49a646b009e3	c1c84d99400e91dea86154228428438097ea0673
d8d2b48fbaaaf4d604e8583e87c874cdc9c5b3c6	fdc74d17f89f235e785ef5f9d0c698f3badda82a
d8dc80e573a471b869dabacf7266fe7f47ef1a74	95f69fc0e6afca48836a1f59b930a81d81021e4e
d902359851814eeb7bd0570908e410aaa422d826	c38254ac30ac41385a4a2972720172f598cf218c
d90be415c2dc294ea83739571eb70b165842953c	b10aa2eb5cfaea1aacb13665a859e2bfdb9a0f01
d91b2ce7784cfa78fd2e6f9e0fb74f9b950a878f	4a3875c406a6d050448705ba0e91b2526941b9c6
d92e768e7f0f11ced207f7491fd57e62b7762cc4	ffbb8fc5054d7260ea3bba65abb72836c5184f65
d9855c3532e0c2524b8a4f428400a361b51f1ddd	20a1502978046951f4b381ec3d15f9feb181b725
d9e21afe83d91f57c22342713a861043b1cebd90	00792937a6703f43501b6eeac783a726d81c8591
d9e7697e57f194f682f7268e42b8c2866d9baaaf	c6ac10593c20c93d108269ddec74895721bf0da9
da286b87175a8d3f185ec35551e5f61dd5736e1e	0cccbea403ccc3773e78abae8915b0d926efd030
da9cfc63abe3f38901a9eaf90f3651467ec5809c	4898f66e94848d4c36784d80a99d34a8bd5ea85d
daad706ee0025e095e76c019c3f8d96d899a5bb3	c8aa046b3a7985afc72b47efc97bf3b56d47082d
dac904c7f9d4076d2b26b0b96ed6e33d031a6697	400c51c3886c56ed72f03e4e56e2bf01c77977f0
dacb7b42dd875ab2293a650610daa85893b26db5	c7a55345aa2e38f0ebf85fa321ec4c10a1331ea0
dace7ee527dd03fcdcc525eb298d60b21a14b0aa	7d8d39a20edcb326815805edfa44303048361ede
dae4dfb76eb3e2678530290acec7d6d1847edb8f	7ea76d535e192715f90dfbc9822838a44ee2b55e
daf4a88490c1c181f7b28683c1a657c54de5c189	dcb96d478b93332ebbcbd97f8b1d23587b475be6
db26d311bb8ca410856b9b44a43fbce64a5a2145	6e7034d1b9880793d3b7887e07a8b08c6bfaf306
db54e367be3a1aa036a4d84a59e984b46d81e6fd	cd14d9d400c9f4b6e5246f216e763ba6282ddd54
db5da5e6d490d9f1ec2e7d341e7829dceb8aae3c	6fc32f09da683d40136a9cc4bebb61e1b98cc962
db92b12f7cb5f407c9e68a5dbd783a0dd5a1ce69	91d42739dff6af6650c91630e4c61c4c1d34475e
dba7850ae874939bd9a83f97c36dc6eceee7f9bd	fde1cd86680ee8ef2bf72bd94c8ddbd3b6e2ee7a
dba9a4c2f80a2137089e98e122acbc55888f14e0	9bcf45524885929af1269118723a394c86bf2872
dbe9e931395a101a9ad42e94dca5ec39556044e6	2fb48e4f8a047388d87f17e8434ce709fe612327
dbf20de600aa21f215cd42423d44f6ed12da4901	86b3446225fe1d15c945a8d4da2ca108b0699108
dbf54bdfb67d1828de3cc1e1c515dc52f6dad50c	732c62188aa9bfcf0ec489a75517f5767b46f53e
dc1fa5673084c52b2bcfeb7f64ab95bf6bc07a05	d3eeb9a81b4decb8535004137947cd11a8126314
dc4054500d775a32de58e5886fc4ee15d4305d2b	63b20e7eee16e5a1a7502125bd54ed67ba602b31
dc573759f4cab42a90d7c62bd016591011d14d12	68f10a07c91e11b7ca37e076a313ab6030e77cd1
dc67dfde2ab59325b08f47445d9de6efc6a3b9d2	59ce86dc84a89b676574bab322af240ab12c315f
dc996d2d29db1553cf4a286d9f4e18caccddbd8a	1a34fb8c3872b5c56d9a387afcce5f02bcfa622f
dcb32864255eb5fba28f4bb47e182e73b19ae84f	65a0fcf3701cd80c98e023507a92b7dd571e2e90
dcbd83b3009c67e08f80149ac175e5ca43100b75	26e03875b82af85d206b41f8875f09ee61f0f615
dccf82520665f80a63505c7c661c9c17fe266fb0	9d279c72042b0459fd699a7ed18e6a1d357d07e4
dced099cca79326558a6caee3dcf144d6c9e4729	a6c8644f015d4251028ee12cbbd7b40f196c4031
dd02ad6fb4f0aa832d2aa9254cd3f7f3299a471f	f3a3f94bac7ae97fe4691e78cb242c9251c8b971
dd0cf9f4a299512120e9e7d6865aa3f65b0dc92a	bbc12e091fe6371e7aa86656dc6192a1d6efdd4b
dd50fd8542fdc991a2cba9256ae888b0955f5ddb	c82847b4c1e90e02339bf7ce328d11c1a985076a
dd590173446ae93f1900b4271275020edb54bcce	2dac09773fe7e76ffdce67a81cbeaba817f51c4b
dd6673e777e8f8ceab462501348941ac2387fab1	1dd727d8925f79f69143aee1544c63f9186447d2
dd69fa9f29ebdd37dc277eb9518933e65c4c94eb	12d3099bc13a43eb19b953ebd4107f3f74ef8824
dd6d84bd6bb7b41a9dd65c429f094f15e45878d7	6d32ee4812cd6bc15d06242d4ace2ad93ba5b471
dd9ba5f357240ca207944809a8238701bdbb5eb7	d1734f274910f54e89ccadf85df0920bc7f7ef3a
ddd45d9508919bd49d63dde1fe5e5f31d6a0e267	394f4a2d75c2cf13ac8bc4478c2d7a4c36a23c0a
dde4caad57ab1b161afc9791121561f44b0d9eb4	00a7afb8357373bfbe675f61d6460f8653211651
ddea3a4c1c44a0d2ed869adb8b6b06f76f882f2f	983007e30f9bfebcfcbee3aba2441b5131b17f24
ddf23b7a333469adf13f8517f2a38fa65b7b0489	ad227d45d50d8807e4b925e1bb0a3791f8e734ab
de55d9955ce408a59c6b1e87c039538ccda34668	5b2bb72baec26f6d55a90fe79ecfce7ac0b4c37c
de6247f2ab24032f18b6be46bb2558b075653f31	95c95b1b080fd0a2043569a540cc68598af90934
de6ced0e125604822f989500245a668f1e309622	344872d972d0bff1aa088846e963bf3a132fabc5
de7fd6f8d74a15a471c6881254eb109b380d4666	af470761959d6a06a70118b642a0a701944c8dd7
dec96436772007178a2c9190d87598893a38b57d	34d725cdee1f7288163f5dd89e572ce7131044ec
dee7e8606075d6bb90a2a41bb270ae48c7ca1240	44c90c34fc342069a7d4f3eb301b1a3a4fe7266b
def9abc065e16e72f5a866b48ff574dab585df1d	0220bfa84f48c475703388fad16071bebe759f97
df14b86beed8d551ea919ffa147d116badb60573	3bf3f16ae4dcc4279cfec866447a47a84f191bb5
df1e1ef992bbc1b74167a4cf9b1671ca71ba08d5	69f0434a9c65d89874e2a5c68da13cd2d7428058
df42ef551b991e7bc2e5af1ed06f1fdc988ee661	5717d52bbbd926e949f5d7d50dfe1ec67b5800e5
df443569e9dbe855bbbc1f2490aaa46f6e2b07d4	b9f960970d0d15d751dcf6ea9ccde983e0fb71d9
df604c0554078093dddb299dca077e9d1fe8d3a9	2d809b0d601cdd40b920ca8ff112f3c40a728690
df65d79def94ccc07605258c635fa0f5f649c298	4065953dd1228eefc0101a8d80e187b5b3cf4bdd
df833d64f30c666e27436f99d30fc58c8653f793	161812ef01d5e692d1b9337597c5eb54a16b8ba9
dff50ad1763e9fa26b4f12c233f812139c6aa6ab	522b6f862a8b5844455bc56f55272b0b0eb5782a
e022b3620b18c74e6207e0475ed6d03608b4cd70	99ea83bae04795c7abdcc147168d5066988e4d54
e028496e83f72447408f469109c6e3f708c8f6a4	e533bfbb80342d7f4151e649b47d1ad38582afc3
e047576c04ed168c20a5ef8455400bf315aefb54	6b750e55cae404392b7033c93c0ccc9ce14178e7
e05ad987e33eee9c8cb4269ef4a4249fb378e4a0	3b1d452676b02794fb11b34af7b0cc800482c2c7
e08f7ba0877363f54e697c260a018effacc62adb	5cf2bb271627189269b2e4b917019699c1f6355e
e0c1efb926d8e0c144ebfdae5121f5d6cb81d75d	12c909775bb8879068d4ad36a32bdc3d0cb49100
e0d42e2593fb4490a963fda63d219ec7d2d17665	894c6770ffe2cf219c578052a0b5110d167f1816
e0e6df04786a95f35880354eeebc879f5eb47af2	ddd6a5ae3b4eeb26f57bae68a19683e1781ef93c
e0edf7779eaa3a168b2d9d60bde5c9a1bdd99720	34bdfa9f05410e9d0671a1dd5759bac70b5c28d5
e111ed74d40f6ef66fdb3726a1e4996fe8964e4c	3919295fd64aff4e6ab7a6fc6e002bb742e955f0
e1402e040004df7ee0365acd6b17d5818f4f2cf1	384440e4bc7b1a3de9af139cbffb99dbd81685fa
e1456f9e53f2c83390a995fcbde9a306cc787b61	19c8d0681d150d1e1f27092253526e53e429f86b
e188e9d483bda09b740c04c357acd852c4cf6a54	39a2b5ad0bbb7073197410dfda8d6b64c66cb7dc
e190b15dcfdbfd5a471ed71fd697cdc640642183	f02fea202fcc7b5641344401b469463f8f6809c1
e1998993c7b8608648d5b5e7be752da363c739e3	a14358dc5787b3e4e11d9a6600e8861f48dd0612
e1da14783de589719c90d746702c260ccf44c962	0008bbe250658d13bfc29280ba02fcac6f646a99
e1f309ea7a75036f21d66ead6b0d914602400c4e	e9619ada91b6986278c28efee2ede0225998648b
e23368509ec8b30746fd35e593d56160c436f745	33fc1d01634a70451771790f683452de1b34225c
e2404b988845d71b2e7213fd1583f30f42ff1e97	fe8d2fed37dcb89e43f8c2e2e16ad1db5c06b3db
e247204166fb811b57e658cdcf654a4434c9a4df	36260e570549d684f8f4e28930b107380ce6322b
e2ae0db8888a2ab4a34fb354803753e0fcbc82fe	b79dc502e3fb138ae36764161440a7f22118221f
e2b76fb31b30b0bfdee25796ae829bb115a78070	be4ec099055cdf3613ffdc7f25a93c44da7a097c
e2c8795e63cf784d98fd09849850f4f266c2c17f	cb98c5ca32e363c42644dbd580497179dd84161c
e2ccc85189c8d728a37441557d0b95600978a95a	0d1494b290d9dcb339fd507310ab819343a79b26
e305a81d804384a8e8fd21162d5a22072e84c5dd	6628ade3314dbeef7773a853488d61ec0ad20c67
e30cab3fd4a62b4e46f8f44bbcfb70d8ded51585	8b5824d0ebc36e141347d9a002ad181728a678a0
e34da9de1f5b9b908ae226a790a91e769da222e1	a014b9b1f0ee2b538fbe3190ef1fb4959a8f888d
e35beb6b5007bdc9fae817fa711c9296c2e844a0	97b770c9c10ae79ee9b897a5951251da5c96c4c0
e35f7e0e8a03a083f15176ab983f03aafed76a77	121bf908c86cf5dbcfbedac9b5f6b116b66523a3
e3745c52e9a96d5b43bfab98216f1272c679a802	ddc6112c6fb2ca7ec3fa09f2c3ceda5c77379f1f
e3759a6bd3ade5ad9b63f0bf1d3f11e5e640f075	699d8b29b19cd5c52b7f6a812a2e0d516c31df8f
e39ac55dc5bf0dd9949f6f20cc4741305ab6f528	7d6e563d98f4db6b71913daf4ad7743834bfbe48
e3b370fc301badd260df5df2fe90a15b2f32fa4e	3301bc9152bba175c1ee1a3fea6c2e85ceabb984
e3bfe1ec290206bdd3c13fbf4e1ab037b7666cf7	291b06b4f69c4a4afd4070f540e1c26d85b0f759
e3ee2072897407665a5b9641ee4b189de826487e	032af38c013218f3d9a1abededb344d303bcc395
e3ff68ff07a5ecb91bd896237a745426e40ee396	a2143dfb6383b13a8d50f199e30632ed4a6e16c2
e402734b76400b38a2670acd0447fe04775619a7	aeff8b2c50885d9cb264ac3f0ef0f535b1ff8ce4
e41ef7142e4965b7b39be079a96ec1c9275070f6	83adb722437cc7f1ea40c2b8408bab85cafcb558
e4273dace5ad0a2ac77f0ff060e59187e3c1e3f6	b3819728d0cc659ee40d0c313d22247880055f23
e434fb045d5acbb75780ae438aef778b25bcc625	a03dcc9b1c353a610c88a685aacf9cfba84c3829
e45dff9bc6308a1d434ec17098b1988a75e2e07b	b94a49311259914f9ebf73d954e6da8f3837d842
e46182e37953103cafd5f62220d434e1443fb864	c6db75317a74839302d700ec49cddc6c6080f1ef
e4a4084ddbf9f959022eb3f504e6736ddbd26f7b	cc53dc5cfa94bd5d6f31e82c4033fd6e278b8a22
e4aa7245a3ec31a652a5573b70928d0dffd7fbc7	287a83d9162b5d2b8452812565db1c071b3f77ba
e4c31b20446224d237ea3aca63c020ac0470c7ad	d2ed53894e54544989af8f8aac6fffc5c6620c2d
e4e92fa151a85ef0f2b18cc10d8e4efa1c3e2090	3b742bd67682e5a05786235e48d4750f42850520
e4f0df365c7de424a541c4445252a6b588c3f0ee	c9ab7bec87a5b040e7d46a223fa30ab8fbeeb639
e506aa9355dc4cb7a126f42dd179fc2aed1178ea	a2cf042fbc429efe60b3bb4b490fc9f9198e7859
e51396549e3323f3f800e4b04ee74bb56897773f	44895065720699b957c27ff0d077721175a1dcf8
e584ad1cd679ddaafaf7ad99fe60f50c0df8a652	6fbc4072a9c4092b35f23dae38796f73b8fc96e4
e5ac6dd432ec4c16c3d2801e8ef0c1f125380794	bab28971709f8243f196e241a3212d25f1ee548e
e5d231a4d99cb7f683e92ee7d83951bc933360e9	9ec9984d54411046803d630ba72ff2cb203fffca
e60d12771c3ee3ad17f51972676f0f1ddc4f51b6	10c710c97e5f9c9d91ff04ca6bbace2ce6ce9321
e637c0e0b343e7f5a3bf84a8392906b25ec4c8e5	a3398942437c3d360acf2a3390c948f2db75b993
e65bd074e05acf6e0408f252124c71fc32abe374	6ade1243f3fd6b6dd053dafbe78f1387378fa94e
e6babf4cdafb40760817bfda8cb293f63d8e918d	c45a1fdb6cf2d23521e03e569680b1e213bd7bd7
e6e62f1b4ae33b51a268507c39d94547333bd8c8	6efbac6d0d745812bec1b6cf85aaf8ba7d787253
e71391fb595ccf5d9584265576561355c1ff7387	cf17a27b751f2b275c066d3370204b120abf00bc
e7338e207171ec3ddc9c0be558cf9410419747fd	6c861c4523927d7bc2a9c99857f6cfe6c65bc0e7
e7343def2a6e11d9d3a5b462c631181db4a48fe1	9fdee66fd36a6fcacf7180de3b2c50edcbf21ed9
e74ce812e88baa4f636e9cb90cae0e93515371b7	5ce3c1ec21e7d3cab18372e56259010bb9fc5824
e75ea28f94d5adf56c99f4cf4b5117fa2d641eda	c1abe69e16f9fd961b6c958ff856cfd8988778f9
e7943c241f20efc2f6aa122167d1537e792d5986	c6dd8e0fea0e9c5fd620ddfda7675468d2adda8c
e7ad3554b245b8755272b1bc186f619e4dd0d1a3	404adc3570787ef4fa927a9f867ccb0077461249
e80cc8a241a549a30d10bb96de2e2b3a66e8379b	7d3a482b88ef66bb4c020ae15a035809f236221e
e8167a864364555c3880c24623ff39b65634072e	5e9c968c39eaaad70173c0f21e44a541ff4d0dcc
e81b1f3cb1084e38026cbafe0dea5af3e710046a	4a0d48c7e2c7ad23965f9467e741c9c3fa8886fa
e81f19a7a602a4367500a2b0f4b1257780cec09e	13b3ba5b1d744023703fd4cc5cf6ac9d0428e339
e82cbdcbdac9a78033174aad55e3199b2cf4c0dc	52c1bb6994d9d1d940dc3354eacb41176fb47096
e82d22af2655607b4a9e39a640293accb355a87b	96261c38deaaae2507a53700ce3b7f3a0453f76d
e851bccba88722757848473027873eb5f7347a69	5fed2215c6944049a531954e447338776918cef2
e8648c729006c6465706ea442cf9e45897c71dfd	50e0aa62021230460d0b2a36f71e8cf87ce27030
e8783f9065c2ca0ead0223c7397e47a804f6d137	97d1968bfaa259d1b85afb12ed2939d3e1ec9f68
e89847192ba4b1972b769b2efd5c7e312e12afea	5bf18d766daf95cc84680b90d7b2c051f9fe70bc
e8a06c682bb83e4139d1464ece7fcb1b0075553d	74e16600d9ff26fc6021feebddeca5b82525e05d
e8b2fb9282cf980b562ddc8f22f53920436221fa	4cb36c06e111222fbf5f74b88d6f34582ed96a49
e8e1c749f20a033d623604ca2ec54b959d9ad174	ed6bbdae3080c624041b2ae9940c75fecadbee93
e8e73aa945ed06edccfd11afa1b78e538a20d9b8	5fdb1cfebc13ff6446dea6072eca912344530eba
e8f3ebbaef2c4975ff80ce785a54ac7e0452ff9e	02844a657615cffa56ce6efb1e61ab6f76d4cab2
e945d1c097c319c4c21994e9b38b38a9efdf68da	cf2eab2f70654e9eadea6302eb4c7e6429213418
e96d78f3f006fcf2bf768e972f5bc2b59929661c	665afcc87e0cd96ef35db143a5f0e61b0f1da9d7
e97a1a6a2ea97dade6b93517eefa3e5ad685609c	b246e87e94ae5bb13e970a98bdf5c79847537f1c
e986fb792c35769248cceb7a3ef3a0df61d04d65	aa84760f9623db71b3b27d39e35243aebf58f7ee
e9901d94831fc2bb5bf4c858d5d2b614c413ae12	569ebbf07d891efaf1bd9a9a2029315498d59874
e9b136ad59d8feddd16df50503bf67206cccedd9	4c749b9f4d892ed4e24dc9cf537ea4f4e67dec2b
e9eb4d9e5c42948c7b3bc58c486fbadce6fffb4c	f7160726ff64562d0ff10cc7402aeb4d0e7af980
e9f191552249e5876987303572a6b061233b7de8	8e2379bf78d87848f45677c5a645273c36db2492
ea12d94c6b29063c10a2bce6920f6d505ad960b3	0117c606d21633bd84984405151c7a7671e2cdb1
ea152004ca9b0ea572d7c2049e192963b453f5db	0bd6eac532fa05f61165587f9d2bd498635e7d83
ea298630eaa06460a148d0beb21b1f7fe5c64b01	78dbf2bf618e6b804b78509ab687fa78d357106f
ea3595a698f22c247397d69a697f6581bbc05bf5	db8beeeb1afc8bd6dfd281daf88db82882c7c864
ea584487d4b0a1031d57ea9c36043ddb4d90b0b5	4f85406e30aee764a5e29dea5b81893c746cc5ba
ea5de8c3d726eaed000fc295c253c0d69a93f8f1	a2a38bdb4483d29a15e8c6255c5aee0463e94ce8
ea8fe1121b70e46f426f93e4a7e196a460526a51	3fe0dfad57d7aabfe7a46ca4af42986f4d909ef1
ea9c2f6e27d0c2b0823e282a29a9aaad385eade3	31fd7088057b383e89c15dcc92154133fa146e6e
eaffd5868dc431ecf9626573a4a749b7ba0baf3e	de4752f455131cf6f0590c4c8cc34dc96b6adf61
eb00095c47769f906983d78678aba8ca15731100	81cc5337989c9886614d48b7015e9450c6c0cc90
eb082f550d4c0b3b11e2ac86c5a50b172d0064f2	6c0ff8a40a829da6a33ac5593d1b73ba388e677d
eb2f9fb90a0a775041fd382f34edde5666468c2c	a5454a9bbea7331b8515f1d7cbe7bc9a0ea4edff
eb95080fe2fbe669a6debfc1e67fe8e35b741e9a	692410c846d0f9b238a731347d6cb76c4f346a4e
eba9d66b60ce50df694812335caa58c7f9d01739	24c8d7164cb7b14f54074f5b014886aa4c93f404
ebc5a0ec00d12d0bc06f4638c391adc4c0821595	5af529819d14f76cc1135093f4bde030d3576784
ebc845476235237e241e452cd7a2e42ff73d02c7	6ee9fc5c837f06cc1c44f5638db11dc002f69f39
ebfaf434b51f40629fc5c5588ff35a45f1f9e34a	2396e2c6934eefb65a1b5ce487d3a9f60c0695a1
ec15d99a15f70abae6ea418115359b01485d7aaa	6eea277891c8fbb712361f57907579e37c7ba3cf
ec16316f68de65831c3107f63241277e60fa2595	ecbc20241334947ca6972266a53f644af9f3e5bb
ec29632ec5004bb2402b0dbd6c5393437fb823ee	d62b823212e4c474fc4e6b67b2897fed24bafd32
ec2b4aaf5c871b5cd35e6d2594b0d36d08ae598d	8fe522b5baf3b07953971fd06c96e3dd89c1aea8
ec3446c744bab29d735edf1f8bf0bc2c6a577513	8ddca9d4f8d1c1f2244c29b464dc04cd4aca5081
ec5ca15eeaa32d256958caed3e1691443aa215ad	ced1900cdfa043b8fb6c1e37805eeba8959be0ae
ec6d975ca4019ec2c25f172bcdbe35494b60b45b	5a0562c39b265aeff13da638f06a396fdd890676
ec727c3d5e8c61665e68c5634cd7a52dce47d015	047190bbeb9e6cbdc0d6ae0611ab7cfafb6d9dae
ec7967b3c92ab4596a9abb3e91090cc575ab9e37	663f81f0b57ea44c3ffa196bb5ccece3e0403135
ec911ab94311066f97e1e298c1f158227fc9adb9	8bccd880dfe956cc4c83ec8f4976d5627996ae69
ecbc2600fa231f57b442d291fd4ccd769e104ed7	cd424b2cce349fec53da2c0ffec6877614426788
ecc8b7a08e7afa3010b5abbbc64e1b6ceadca7fe	483a60bac008fddbbdfc949fe63ea57c292542cf
ecdf5f20402b38bc0a0d644c27863237e9b41e48	9224c9c81e733177f6c6f3f4e944fdb71274a6ff
ece7fd48881402ccaf3dc695142a827cfda4929d	e76aa2e662e5e9e9c17ae43c796a90dad9641d30
ecf26915e62488506bdcf2adc2e8032713230b6d	df062b1a2968c52b6fa6bebbf687eabf482ad710
ed023bbc6c910a6bba5d867f91585380e10ee547	530a2bce42e61deccc1c1a29af2db3add0d7ff84
ed35036e441ef3ba4afe0f4c2a61ca48dd775cca	df8add62903f22b03776637af2f436f2aa21a96e
ed486923602322d32c85c943b4fa0e81a6d3c42c	16d783ef72e1c2480ae035bd039e203f66f1631d
ed89a3045f30faa0f69ebd487d7fa66b309b5c94	8723e8ddb54b81cf3fad8f0d9e6f948a4d150bdc
ee3e710c124488e56bca64f2515a1d3e37a0a209	58f95188daf0abdaa2ab032fe830e70465460edf
ee4d8e4a193ef2d14bf9e59551e3f5a22c7a4381	3ed4c082c65f870ddbe7adb8ab9e1873bfb9f626
ee505c25dc101f77de0355bd65bb3daf7cd11357	55ca9f446aaf739a126290cead82caa63e2736d1
ee540a6c0dc7d9644d2d41d1a9334f22c0c1ba15	40d13254a683871b657fd66ba2264aa7571b9c55
ee7866149cac0f5ad92db026d265aa889c310855	8e68a42c88a00f1fb8630c86a487ee72f8d65e4f
ee96662d750a31c1d285e95ca9d89afc7c8f9ffc	134e613d031a4dfcbf6cfc60925671b32ab3f208
eeb145bc67ac72fed5bdc3b4b24514cea1692d12	d278aab731552a389b8a4b559f9c163162b8f696
eed5137233ce211e3c894198f7100efa2c1c2402	0d999b30d5ad0dad8375cc855babe4a45577e8ca
eeddbaa0b5bd632c60a3e5431bf810f3123259be	b997bfdc67eaef19dca743207f396e8739d741eb
eefe16066f55f42c691f6ede7d71112a956d0f04	28bd3dbd05bb4ab7fc7e8c63fd17d3479af08617
ef1d1df5e4e9661cd8e979ea077b75739c9596e7	75dfa7e819538f3a8a6a0f4257377f95ad237838
ef5338b62257f2351e926bf9171b6ad1fdd45470	d13f62393bad5765b28c235795921a8f6dc3d8df
ef8c7f0743e5de5bdc6ad3056cb6c9c1dcdb18c0	602c59d8fc52eceaea7b0a13fa8fafc8e8aa95f4
efa24eb044ee428b9196e54189f6a82132a31284	5236d9a7971847318f6a60975bd9412bea8856c2
efcfcda58c45130b1edadaa042d3beadced9d8cf	498e9996e3ab0bd6fa971eef959f1d5410170776
efd3aa166d372c7f161165825bde3eb878249f8a	3935ee151d9f8d30f8c1a8bfc949bb2401e4228d
efd6211b4b1804f0a5a93290de48544caf2d90d6	00ab1f0fea380c55271052f301b425ea53d9c4e2
efe165b173092df13fd6a264cb92974ba8527a28	a8dda21292cbc75461df17c9da6acf6d1b34425c
f0276f16362ba4b24805be1a834da96ea86fff77	4539b9a01c611ef2a9e1702c6383a9ae53fb6aec
f02a04135be4fa49d36bab36d29c1b3fa260d168	d75693bc00ed4be3ca3c3c7d08b9a21bc4cb596d
f032f9be3d5ce58c726f1249175083c9df78abf3	28bc8b816be185d29b632bd60c596c3d3a22e587
f045546059b78c37c103332667facaa84d12cc04	d0df20847c010c5b00e04e007aef4e7918e8c788
f04d97136b7b2a990dcd9083ace33c6683a73c72	2c4977d4c0a80ea6e0d01382076d12f19f5585e5
f056f1677deb009038ff79136798990e6f1f7cee	eae507c6108ac9e4775675fd3889b3f843367577
f076d6d30f831d4e53d5c07a9380d1e2417e8af3	93d84e1f594aacb962279820d5b88cb596207ceb
f07dac4da970e6706997e48e943f99c1cef8fd4f	317cc6b0702711cdcba963e5ab8118bdd9c20b46
f08a00af86346fdc5e412c3880d9cba98c322989	2a351a71641efc24f0500f6a24003caa1e12b071
f0954cd85920ffa4117dfb9570c6cff4249b04ab	4d23460bc80c9943eddba79da36d6306a3b2f12e
f09ef9b0ea5551aeec2d11ec92db0c7f4be3aa06	63e46f3316118c7c65d6da843738ee46f46a25c6
f0a163277609709071f77493cda92fa62063b9f4	589a9e694f3cf6a81a2119e2894572e3a35d8c71
f0f218dcd7f7148a893c487d37535ae83314ff81	17466408b3bc775ae3e821c63d3f605cfc11d189
f0fdbf53ea239e5220ab9f9bed41746fac6928b3	30a7ba7ee0430868a018a7aed462fc955da6036b
f10b065c3f677f6b2917f36ef026516a05a0650e	5455690d85c20fc05b66bd01d002cbb7637d6a8c
f119f0eef071d1c3f1bc59a0be152552cdce32de	32297ee4c5bc9f7ec7df221dfaa1e02155a85c01
f1251a360a7078443c01ac2e341b671a62f9cb5d	8fc1ef935fca3fc684d06f80ec7b900e58877f4b
f12a439171c688b7c22e5232a450027e0ef2bd20	2a05f558ca2aa5701fbea1cc94a5e27e510338cb
f156d1a4847f546af6e5dc1dc48221c70fd72906	c6b07478e43669324bca3591973eae7b5acd5b1c
f1832d1a88835946785d361bbc3d2e0c8db58ead	86c7a98349c13affe50e6a7e3b4edb6ab66aee95
f1bbd6ce897647a0e35f2dfb13937871b020c1a5	2e1518bd3f3e87e819ed6c0419b68ef4fc29cbeb
f1ebdfb88668433f9a41bcb1e4a968297d1a9e5a	e25c0e3b3983e5fe53b760822b58b794d75662c0
f20b260ff326eadf6a581673e8624142ac01326e	03ba7f23c401f87dc76e15be110eb9847d1e8e19
f20bc2e2a83193e16936b311a5a41a06799aeeb7	5bed9f2fd6c04e06f8656fbb067cc5272e3fb7a9
f211439a0179aab6519ca78ce76d4c652bd67aca	201d196e04a9158c85e9d16b9303594455524260
f21242148c8ad3d041fd90da47bab4e2ad9c4036	2ce4f60a01671d054ca970b17e790a2c106957e3
f24e27da0f2e68d591c8ce89bc96a72c62862e8d	5ea6f1b2112b8442ae09973864aba03e44e8a37a
f2c948b9281b480a3e7d713c31169f8632635760	a503074ff30e3ed07aada52422a276c93c4105a8
f316fc9a73a050797c8ad1c2f34091827a5118e5	70cb8f5dc4e54766c02ccdfd02e455f9fd43954e
f32ac212be679da655bc35f8789e0ca50b0e5bc3	ddcd849fa3a0e8757fb5d5aba5e3bef7e5a1a8c5
f32e457d9b87fde62cdbe31694f5dabd97bf18e5	8abcaea4bec33919b7016a069c1a7a845c2792bb
f33f1e9def0255d3e6223a6e91266230041b2888	241a9506925f3a46d6fe643a411aa2f205c52e71
f34aa68b68472becafc39283d95046cc5b6ba026	2c6ab76c166d426b0aca402f797635351d3fb630
f3629844bcd6d44ca25ecb72f32c482d2d4caf75	0275cd2ac94aad36273c9da3f8e27f7f808908d8
f399e2bc44089dc398b9ba7d7572fdbb556443fb	0273453dfa5ec850559665786205cbd0e23c6896
f3d02e7a94368a606a9e1308067c87df40db6233	bd9e68e5649680d1ffc68eee5fd11edd8b3c1369
f4506eba7f0ac6f856799d6e6e44e737b176dc54	1d5aa0b2a6578e41517379080a629236e7c17d0f
f469e50b2c74623f23b84560d4c088e6c0ac6e4b	56d2b5bf60d2514f43a8f8a218d31a8b8c073fca
f481097bcb0e8c5f309723c36c24f185f8ff5ded	ff6e94109eaa11d332221e5de53f53e4ca514a1e
f4d36c4a21d5eb011b1c613b366d9652af6d000f	a867807be2d769d79cb2d85b2b909c37b15a624c
f4feff72c79559ff09ddc8091e15996cf2df0c27	4e463d27c2adeb25d884839e97263054275ecac5
f50e08ac6e991fae3e470585cad746bd1c7dcade	06b31893e03234cdd597f06504fa3c7902265edf
f5223059e31956f6d3655b80e49cbbe619684fdc	33f6f5f0cb8b18ea5f7e452e9df60699279bc23d
f534163426a494c562aeba0782c6d9e255c75ccb	d67a33f2be1204dbd3345f00932af8b35af05e46
f543019bf9ea7de875dd00849419479820649c25	449a5cb964a51940d3ad7ab4ec0682943e9d5522
f549f4f57d8ce718af2df73ce93ec5409c947393	3937ec98b693ec1ea3bbe95bdd476b47f5e5666e
f55959867a424dd25e6f797e2e0ea64664c5b1f9	baf9b4bd97c82d6e8b6638839c94eef27398f1e9
f5b5ab412b7aa2140c85dbb372b353f1cf9b4675	7c13d75b3f1e62a2c792fb9ba686649dc46cb223
f5d808007a80d13177103259e9677b2335cad5f0	8ecb24ad8753379a3e6c3251a02a91bbb6b230c9
f61e6aec703159d73ca63c1efdf6dfb7836ee170	cc5a743cdd64460cbaaba29bdbf8b332b96620a3
f67d3e10b87312bb0e904fcb48694e7e07e617b8	b80026fb47ca6aaa7689909cb48d7866fa41a8f6
f6b37eb3f15fadefb69d6094cd0b961b7b14b583	d891ad0a11233883a942891b3ebafec91d620167
f7140608e08515d1f240d171bd5cb0dc99b6f2f7	eea4de04f4c9c95b973136c72cb6b170929768ff
f75b27511624e5b6c6021f1016c63a14bb86305b	13325ab7c66833ee24d5acc882aa80c8c342f0cc
f78336cd171902ae33aec45308063c1db7eec5eb	b0e0907706a72983904b6c0d2f55d3c44817e1f5
f7a44d4d683923dd29d973e82df4ca7681c2607a	7f6edfc40bb00a747f57fb67dbbcef24ec9d40f8
f7b5d1e7c7537f0f05e09372251837c0179eb14f	9e5808d515fd9b0ff882f5230376803f49d68037
f7e3551851efa89d8cb349f6f28e445267fc6e67	6bffae2691fb5fa080182c69045583c2c5ab48e6
f7f06e5982df4a1113254e3dd6eff3191167c806	57be843cc5a7491d2f6341e558ce962fba1ebdb7
f800a90d80db50abcf78ccf2abaf9510a2803eeb	5d249e49e86d082c48ae6ca26c35adee46601a7a
f82056e37c15fe4402e3537ec27325b3a5508cfa	427a5b785fbc49bc19e56ad6003e46c37b0255b0
f84a8b50ec82738ee659909a515e210c64146cc6	a174fa36b1aa46f214b69fc8137383e4e58b0082
f87c3bf59e5040382d29d872ba543351a908f500	fc3ad8ae2e7da07f1d08729c0a9beceb8ba9d565
f890c798b5cdc4de3221657ae4caa8ab47886989	2e154dbd9bdf5ac979a976a24a3720f45b3dd284
f8916338758761dce00f77f16ab14526dccec1e1	6918453c2947c73041c72c48c3e08a0ed862849b
f89ca73232f903cd36541a30bcf42c9ecfedff6a	aacadf0b6b74bdd5700a226543a142c67d0f468a
f8ac56702fbd8e4a94cc45f1465118b7af6a53b1	aa8384a13542eeaa53eac6f1d6f339249fd64f9a
f8bdd62c4e0659e0b97a02a03d36dc973dc892b0	1ec6da0d2b8d8a08586dc261480dffbc3b91dfe2
f8c1f9367eb0c08581e4c9080d940c8e9ea1d4d2	51c4595b24e27acbbbe95724f4049aa19cddcaed
f8f80b10b9b4e385b1c932f0fe3afbd02e6ad408	b3686303dcbc96a68adbef41a7d6a411e7cea4d8
f992a448a55aa84da6a9d5e1e5f9f203aad266d6	44457bc6e54576dfb2ffd10283a38a51936fcda9
f9d3ae1e6a0cbdbdece56b0b3d948f0a3d62118c	be887e08ad3b07e97e0d63f6d121f4f5dc7a7b8e
f9f18f9671b736117e257a137f8b3cf09c276c64	8464b64f0d238d1eae78b55d07dbb06ded1ab3ee
fa6ee7a997ce1cfb01199057efaf7337e09c66ff	321fe438a5da3b4bdeca229ea520438638b8dac1
fa8fab43c3da600d2b4b43b17a7b7c980ce83ab4	3bcaf88d02b8de8d7e07c5eb3335f4583c114bc6
fab4e1da1d0e8c6a08961bc1509f21a27e19ab6b	3256a226ebd7aad16a6a34cc709cb482783a90a2
fafba99c07445abd5e575cdfbab1d57dd21e5b13	d5ed8097fcfdf0588f461dd49491348c7a8bd706
fb194f3c283cd9aeaaef1d415bccb5196b30803b	f3074389c27eeeb27d8ac0138ca1de0d2da2e216
fb4a89eb6bc39263be3f86f09a26ad80a093e9e7	196ad3802fdfffaf502c32b531c07066dd6ae05b
fb66a0e4964fe58d9d0eec00778b78a6931d4f30	edfc34c5aaabef6ce90d809d56392c75b5229669
fbbf990e7dc21c2899446650508c8efd9f101dc3	0fe51f151adbd7d072f2913aad65d27b86922041
fbc6f47889b74bf2295b0f88820c393cc8ed4f17	63c8b1782340e5bf3a50cf04834a9b040c81aeb4
fbd6f1a328a574f034727b15d186570a8e68ae50	cbd3eb1ea00506b782a8b19d7db654b50052e23e
fc19b79a5411371dd030cb0c0470b546f64f7c02	43686211cc3ac602ee6904e0fa6c3a0b2492cbad
fc2ce39f1fe1d65fcbc8fb80311777214f9884ca	3abf53f7590df15c8710c7e9edc33bda13e6f308
fc4306db2a1c6976953181ad63476b639986c70a	fd6a273982763f4be9a915e52134b9ca1ea83379
fc44a6990bafd481f5271971ef28a0676d702639	7757470871a111e754c3e8774fc7366554c314c4
fc6f9ce474a57a6e87180ac8b23133dddb0a135f	d6070d737b680d22150308698c57281bb4a0d49a
fc8d22e15716daae51fd006ca1f3e8d1b50a590a	eb6efd1f4624af27aaf4cffcb80612cc2baa9da9
fcc416b3cc0732e7a50934b67985b951825d736b	8ffd8294c6092b1e2a30b2c94ea25a0f459c8596
fd044ebf87a2a17aa7086df07bf04cdb1077ad9d	4ded8a2eccda48aa45b1f18cea8da33721a9d29d
fd379a5c14d03c8e198cb23a00d67c0efa842680	1d2ab999099e10b63d01f1e6c8caa5fb206660da
fd4e99b87078377bb92e616894740cba18d0eecd	8cb76db7557f5d5326c353d07051ca0b995bba06
fd764fa8dc419aca668db06959489ad53ca7c75f	1c9557969e688a92382f93dfe6295ba1748163f1
fd9faaba71bbcab83cb721c28bc0e3d3584c9c19	4179bb978683e6726ae965218ef3c6ce5ee6b7b8
fe12f0da61d9c659dfab3e39d6809396866f5b7b	9ab7b5789590a0df93a064255cad776133bbdaff
fead9897169dd03b6194d520fc95e1f9019b26d1	d94c0403389edb7d885af83bd5e06868fcfbffc8
feb0d7a18d65bdd5528e46292aeb36150454ca3e	64635acec289c2f191e80655a8e031f71437a9c5
feb277d5e47d89907a5394acb738a95c79551bec	c56bb81072662973d34a506bbd9b649d59cb2baf
fede2aa1b030aef0e987b6451f1512b6b20a89b9	c0669b416ac0960dcb25d26831c8b2291e5adf6e
feff7f9f2dc82ce1fe5696cdf6b75d043d10d927	dcc0ed957957ea3c9e568e8c480a837d168424f3
ff029a6d79ce416c6becb6a6553abf53b0d358c0	79047ac8817453de51362353b86f213f50bc7600
ff12c66d27a45ba2b5449985c362884444bfeedc	bacc90cff07f70f0e9d325a262dcbd097a84e046
ff1c2f8b99080abf155beabb88ce985516dbef0c	9022de11b4e6053739096d69c24371d8ec7cb98c
ff38e1681a2bc98aefd901d7496da4b11797e8d2	ee6a9e520ce8de900041552b881cf9e9cfc6e146
ff593d9dfd0a414a410c36369d3f08bb7a8d8a99	7730f08ae1d0481274a8d775ce2bdb25d52e4104
ffa5930683991ce245565b72569f748e04c81ede	04ce4271f62b30c852ef8b0c0b954efd992fcd43
ffe7a3ed17afea1951276ab83361495c23f8c617	dfb10bcc9d29e278cf64f7d4463684bd9c6fa716
